D://crw_data//df.fillna\source41\code\pd.DataFrame.ix_replace0.py,NotImplementedError,0D://crw_data//df.fillna\source41\code\pd.DataFrame.ix_replace0.py,NotImplementedError,0D://crw_data//np.append\source28\code\pd.DataFrame.ix_replace1.py,KeyError,0D://crw_data//np.arange\source229\code\pd.DataFrame.ix_replace0.py,NotImplementedError,0D://crw_data//np.arange\source229\code\pd.DataFrame.ix_replace1.py,NotImplementedError,0D://crw_data//np.zeros\source398\code\pd.DataFrame.ix_replace0.py,AssertionError,0D://crw_data//np.zeros\source400\code\pd.DataFrame.ix_replace0.py,AssertionError,0D://crw_data//pd.concat\source1065\code\pd.DataFrame.ix_replace0.py,AssertionError,0D://crw_data//pd.concat\source1066\code\pd.DataFrame.ix_replace0.py,AssertionError,0D://crw_data//pd.concat\source1067\code\pd.DataFrame.ix_replace0.py,AssertionError,0D://crw_data//pd.concat\source1068\code\pd.DataFrame.ix_replace0.py,AssertionError,0D://crw_data//pd.concat\source1069\code\pd.DataFrame.ix_replace0.py,AssertionError,0D://crw_data//pd.concat\source1118\code\pd.DataFrame.ix_replace0.py,AssertionError,0D://crw_data//pd.concat\source357\code\pd.DataFrame.ix_replace0.py,NotImplementedError,0D://crw_data//pd.concat\source357\code\pd.DataFrame.ix_replace2.py,NotImplementedError,0D://crw_data//pd.concat\source357\code\pd.DataFrame.ix_replace4.py,NotImplementedError,0D://crw_data//pd.concat\source357\code\pd.DataFrame.ix_replace6.py,NotImplementedError,0D://crw_data//pd.concat\source571\code\pd.DataFrame.ix_replace0.py,AssertionError,0D://crw_data//pd.read_csv\source2168\code\pd.DataFrame.ix_replace2.py,TypeError,0D://crw_data//pd.read_csv\source2507\code\pd.DataFrame.ix_replace1.py,TypeError,0D://crw_data//pd.read_csv\source2507\code\pd.DataFrame.ix_replace6.py,AssertionError,0D://crw_data//pd.read_csv\source3198\code\pd.DataFrame.ix_replace0.py,ValueError,0D://crw_data//pd.read_csv\source3198\code\pd.DataFrame.ix_replace1.py,ValueError,0D://crw_data//pd.read_csv\source40\code\pd.DataFrame.ix_replace0.py,ValueError,0D://crw_data//pd.read_csv\source40\code\pd.DataFrame.ix_replace1.py,ValueError,0D://crw_data//pd.read_csv\source484\code\pd.DataFrame.ix_replace0.py,AssertionError,0D://crw_data//pd.read_csv\source846\code\pd.DataFrame.ix_replace0.py,ValueError,0D://crw_data//pd.read_csv\source846\code\pd.DataFrame.ix_replace1.py,ValueError,0D://crw_data//df.join\source46\code\pd.DataFrame.loc_replace11.py,AttributeError,0D://crw_data//df.join\source61\code\pd.DataFrame.loc_replace0.py,AttributeError,0D://crw_data//df.join\source61\code\pd.DataFrame.loc_replace1.py,AttributeError,0D://crw_data//df.join\source61\code\pd.DataFrame.loc_replace2.py,AttributeError,0D://crw_data//df.join\source61\code\pd.DataFrame.loc_replace3.py,AttributeError,0D://crw_data//df.join\source61\code\pd.DataFrame.loc_replace4.py,AttributeError,0D://crw_data//df.join\source62\code\pd.DataFrame.loc_replace0.py,AttributeError,0D://crw_data//df.join\source62\code\pd.DataFrame.loc_replace1.py,AttributeError,0D://crw_data//df.join\source62\code\pd.DataFrame.loc_replace2.py,AttributeError,0D://crw_data//df.join\source62\code\pd.DataFrame.loc_replace3.py,AttributeError,0D://crw_data//df.join\source62\code\pd.DataFrame.loc_replace4.py,AttributeError,0D://crw_data//df.join\source7\code\pd.DataFrame.loc_replace1.py,KeyError,0D://crw_data//df.loc\source101\code\pd.DataFrame.loc_replace0.py,KeyError,0D://crw_data//df.loc\source101\code\pd.DataFrame.loc_replace1.py,KeyError,0D://crw_data//df.loc\source107\code\pd.DataFrame.loc_replace0.py,AttributeError,0D://crw_data//df.loc\source107\code\pd.DataFrame.loc_replace1.py,AttributeError,0D://crw_data//df.loc\source107\code\pd.DataFrame.loc_replace4.py,AttributeError,0D://crw_data//df.loc\source107\code\pd.DataFrame.loc_replace5.py,AttributeError,0D://crw_data//df.loc\source220\code\pd.DataFrame.loc_replace0.py,AttributeError,0D://crw_data//np.abs\source96\code\pd.DataFrame.loc_replace0.py,AttributeError,0D://crw_data//np.abs\source99\code\pd.DataFrame.loc_replace0.py,AttributeError,0D://crw_data//np.arange\source267\code\pd.DataFrame.loc_replace0.py,KeyError,0D://crw_data//np.array\source575\code\pd.DataFrame.loc_replace0.py,KeyError,0D://crw_data//np.column_stack\source17\code\pd.DataFrame.loc_replace6.py,AttributeError,0D://crw_data//np.column_stack\source17\code\pd.DataFrame.loc_replace7.py,AttributeError,0D://crw_data//np.column_stack\source17\code\pd.DataFrame.loc_replace8.py,AttributeError,0D://crw_data//np.column_stack\source17\code\pd.DataFrame.loc_replace9.py,AttributeError,0D://crw_data//np.column_stack\source17\code\pd.DataFrame.loc_replace10.py,AttributeError,0D://crw_data//np.column_stack\source17\code\pd.DataFrame.loc_replace11.py,AttributeError,0D://crw_data//np.column_stack\source17\code\pd.DataFrame.loc_replace12.py,AttributeError,0D://crw_data//np.column_stack\source17\code\pd.DataFrame.loc_replace13.py,AttributeError,0D://crw_data//np.column_stack\source18\code\pd.DataFrame.loc_replace6.py,AttributeError,0D://crw_data//np.column_stack\source18\code\pd.DataFrame.loc_replace7.py,AttributeError,0D://crw_data//np.column_stack\source18\code\pd.DataFrame.loc_replace8.py,AttributeError,0D://crw_data//np.column_stack\source18\code\pd.DataFrame.loc_replace9.py,AttributeError,0D://crw_data//np.column_stack\source18\code\pd.DataFrame.loc_replace11.py,AttributeError,0D://crw_data//np.column_stack\source18\code\pd.DataFrame.loc_replace12.py,AttributeError,0D://crw_data//pd.concat\source114\code\pd.DataFrame.loc_replace0.py,AttributeError,0D://crw_data//pd.concat\source114\code\pd.DataFrame.loc_replace1.py,AttributeError,0D://crw_data//pd.concat\source114\code\pd.DataFrame.loc_replace9.py,AttributeError,0D://crw_data//pd.concat\source114\code\pd.DataFrame.loc_replace10.py,AttributeError,0D://crw_data//pd.concat\source41\code\pd.DataFrame.loc_replace0.py,KeyError,0D://crw_data//pd.concat\source41\code\pd.DataFrame.loc_replace1.py,KeyError,0D://crw_data//pd.concat\source493\code\pd.DataFrame.loc_replace0.py,KeyError,0D://crw_data//pd.concat\source493\code\pd.DataFrame.loc_replace1.py,KeyError,0D://crw_data//pd.concat\source596\code\pd.DataFrame.loc_replace1.py,AttributeError,0D://crw_data//pd.concat\source596\code\pd.DataFrame.loc_replace2.py,AttributeError,0D://crw_data//pd.concat\source596\code\pd.DataFrame.loc_replace3.py,AttributeError,0D://crw_data//pd.concat\source596\code\pd.DataFrame.loc_replace4.py,AttributeError,0D://crw_data//pd.concat\source672\code\pd.DataFrame.loc_replace0.py,KeyError,0D://crw_data//pd.concat\source672\code\pd.DataFrame.loc_replace1.py,KeyError,0D://crw_data//pd.read_csv\source1390\code\pd.DataFrame.loc_replace0.py,KeyError,0D://crw_data//pd.read_csv\source1448\code\pd.DataFrame.loc_replace4.py,KeyError,0D://crw_data//pd.read_csv\source1448\code\pd.DataFrame.loc_replace6.py,KeyError,0D://crw_data//pd.read_csv\source1467\code\pd.DataFrame.loc_replace0.py,AttributeError,0D://crw_data//pd.read_csv\source1686\code\pd.DataFrame.loc_replace0.py,KeyError,0D://crw_data//pd.read_csv\source1686\code\pd.DataFrame.loc_replace1.py,KeyError,0D://crw_data//pd.read_csv\source1686\code\pd.DataFrame.loc_replace3.py,KeyError,0D://crw_data//pd.read_csv\source1841\code\pd.DataFrame.loc_replace10.py,AttributeError,0D://crw_data//pd.read_csv\source2232\code\pd.DataFrame.loc_replace0.py,AttributeError,0D://crw_data//pd.read_csv\source2232\code\pd.DataFrame.loc_replace1.py,AttributeError,0D://crw_data//pd.read_csv\source3423\code\pd.DataFrame.loc_replace0.py,KeyError,0D://crw_data//np.arange\source227\code\np.arange_replace0.py,TypeError,1D://crw_data//np.arange\source227\code\np.arange_replace0.py,TypeError,1D://crw_data//df.fillna\source23\code\np.arange_replace0.py,TypeError,1D://crw_data//df.loc\source180\code\np.arange_replace0.py,TypeError,0D://crw_data//df.loc\source181\code\np.arange_replace0.py,TypeError,0D://crw_data//np.abs\source67\code\np.arange_replace0.py,TypeError,1D://crw_data//np.abs\source67\code\np.arange_replace1.py,TypeError,1D://crw_data//np.abs\source67\code\np.arange_replace2.py,TypeError,1D://crw_data//np.arange\source2\code\np.arange_replace0.py,TypeError,1D://crw_data//np.arange\source204\code\np.arange_replace0.py,TypeError,1D://crw_data//np.arange\source219\code\np.arange_replace0.py,TypeError,1D://crw_data//np.arange\source219\code\np.arange_replace1.py,TypeError,1D://crw_data//np.arange\source296\code\np.arange_replace0.py,TypeError,1D://crw_data//np.arange\source296\code\np.arange_replace1.py,TypeError,1D://crw_data//np.arange\source296\code\np.arange_replace2.py,TypeError,1D://crw_data//np.arange\source296\code\np.arange_replace3.py,TypeError,1D://crw_data//np.arange\source302\code\np.arange_replace0.py,TypeError,1D://crw_data//np.arange\source303\code\np.arange_replace0.py,TypeError,1D://crw_data//np.arange\source35\code\np.arange_replace0.py,TypeError,1D://crw_data//np.arange\source385\code\np.arange_replace0.py,TypeError,1D://crw_data//np.arange\source385\code\np.arange_replace1.py,TypeError,1D://crw_data//np.arange\source404\code\np.arange_replace0.py,TypeError,1D://crw_data//np.arange\source404\code\np.arange_replace1.py,TypeError,1D://crw_data//np.arange\source404\code\np.arange_replace2.py,TypeError,1D://crw_data//np.arange\source404\code\np.arange_replace3.py,TypeError,1D://crw_data//np.arange\source405\code\np.arange_replace0.py,TypeError,1D://crw_data//np.arange\source405\code\np.arange_replace1.py,TypeError,1D://crw_data//np.arange\source405\code\np.arange_replace2.py,TypeError,1D://crw_data//np.arange\source405\code\np.arange_replace3.py,TypeError,1D://crw_data//np.arange\source99\code\np.arange_replace0.py,TypeError,1D://crw_data//np.arange\source99\code\np.arange_replace1.py,TypeError,1D://crw_data//pd.concat\source1142\code\np.arange_replace0.py,TypeError,1D://crw_data//pd.concat\source1142\code\np.arange_replace1.py,TypeError,1D://crw_data//pd.concat\source1142\code\np.arange_replace2.py,TypeError,1D://crw_data//pd.concat\source1142\code\np.arange_replace3.py,TypeError,1D://crw_data//np.append\source23\code\np.array_fromiter_replace0.py,ValueError,1D://crw_data//np.argmax\source76\code\np.array_fromiter_replace0.py,ValueError,1D://crw_data//np.array\source331\code\np.array_fromiter_replace0.py,ValueError,0D://crw_data//np.append\source23\code\np.array_fromiter_replace1.py,ValueError,1D://crw_data//np.argmax\source76\code\np.array_fromiter_replace1.py,ValueError,0D://crw_data//np.array\source224\code\np.array_fromiter_replace1.py,ValueError,0D://crw_data//np.array\source331\code\np.array_fromiter_replace1.py,ValueError,0D://crw_data//np.array\source429\code\np.array_fromiter_replace0.py,ValueError,1D://crw_data//df.iloc\source73\code\np.column_stack_vstack_replace0.py,AttributeError,0D://crw_data//df.iloc\source40\code\np.column_stack_transpose_replace0.py,ValueError,0D://crw_data//df.iloc\source56\code\np.column_stack_transpose_replace0.py,ValueError,0D://crw_data//df.loc\source106\code\np.column_stack_transpose_replace0.py,ValueError,0D://crw_data//df.loc\source180\code\np.column_stack_transpose_replace0.py,ValueError,0D://crw_data//df.loc\source181\code\np.column_stack_transpose_replace0.py,ValueError,0D://crw_data//df.loc\source224\code\np.column_stack_transpose_replace0.py,ValueError,0D://crw_data//df.loc\source242\code\np.column_stack_transpose_replace0.py,ValueError,0D://crw_data//df.loc\source264\code\np.column_stack_transpose_replace0.py,ValueError,0D://crw_data//df.loc\source265\code\np.column_stack_transpose_replace0.py,ValueError,0D://crw_data//df.loc\source266\code\np.column_stack_transpose_replace0.py,ValueError,0D://crw_data//df.loc\source267\code\np.column_stack_transpose_replace0.py,ValueError,0D://crw_data//df.loc\source268\code\np.column_stack_transpose_replace0.py,ValueError,0D://crw_data//df.loc\source269\code\np.column_stack_transpose_replace0.py,ValueError,0D://crw_data//df.loc\source82\code\np.column_stack_transpose_replace0.py,ValueError,0D://crw_data//df.loc\source83\code\np.column_stack_transpose_replace0.py,ValueError,0D://crw_data//np.arange\source28\code\np.column_stack_transpose_replace0.py,ValueError,0D://crw_data//np.array\source1174\code\np.column_stack_vstack_replace0.py,AttributeError,0D://crw_data//df.iloc\source40\code\np.column_stack_transpose_replace2.py,ValueError,0D://crw_data//df.iloc\source40\code\np.column_stack_transpose_replace0.py,ValueError,0D://crw_data//df.iloc\source56\code\np.column_stack_transpose_replace0.py,ValueError,0D://crw_data//df.loc\source106\code\np.column_stack_transpose_replace0.py,ValueError,0D://crw_data//df.loc\source180\code\np.column_stack_transpose_replace0.py,ValueError,0D://crw_data//df.loc\source181\code\np.column_stack_transpose_replace0.py,ValueError,0D://crw_data//df.loc\source224\code\np.column_stack_transpose_replace0.py,ValueError,0D://crw_data//df.loc\source242\code\np.column_stack_transpose_replace0.py,ValueError,0D://crw_data//df.loc\source264\code\np.column_stack_transpose_replace0.py,ValueError,0D://crw_data//df.loc\source265\code\np.column_stack_transpose_replace0.py,ValueError,0D://crw_data//df.loc\source266\code\np.column_stack_transpose_replace0.py,ValueError,0D://crw_data//df.loc\source267\code\np.column_stack_transpose_replace0.py,ValueError,0D://crw_data//df.loc\source268\code\np.column_stack_transpose_replace0.py,ValueError,0D://crw_data//df.loc\source269\code\np.column_stack_transpose_replace0.py,ValueError,0D://crw_data//df.loc\source82\code\np.column_stack_transpose_replace0.py,ValueError,0D://crw_data//df.loc\source83\code\np.column_stack_transpose_replace0.py,ValueError,0D://crw_data//np.arange\source28\code\np.column_stack_transpose_replace0.py,ValueError,0D://crw_data//df.iloc\source40\code\np.column_stack_transpose_replace2.py,ValueError,0D://crw_data//df.iloc\source40\code\np.column_stack_transpose_replace4.py,ValueError,0D://crw_data//np.append\source32\code\np.count_nonzero_sum_replace0.py,ValueError,0D://crw_data//np.array\source429\code\np.c__nonzero_replace6.py,ValueError,1D://crw_data//np.argmax\source22\code\np.c__nonzero_replace0.py,ValueError,1D://crw_data//np.array\source1174\code\np.dot_einsum_replace0.py,ValueError,1D://crw_data//df.fillna\source32\code\np.dot_einsum_replace1.py,ValueError,2,"np.einsum('ij,jm->im',input_x.transpose().iloc[1:], h - true_output_y)","np.einsum('ij,jm->im',input_x.transpose().iloc[1:], h - true_output_y)","np.einsum('ij,jm->im',input_x.transpose().iloc[1:], h - true_output_y)"D://crw_data//np.concatenate\source113\code\np.dot_einsum_replace2.py,ValueError,2,"np.einsum('ij,jm->im',input_x.transpose().iloc[1:], h - true_output_y)","np.einsum('ij,jm->im',input_x.transpose().iloc[1:], h - true_output_y)","np.einsum('ij,jm->im',input_x.transpose().iloc[1:], h - true_output_y)"D://crw_data//np.concatenate\source113\code\np.dot_einsum_replace3.py,ValueError,2,"np.einsum('ij,jm->im',input_x.transpose().iloc[1:], h - true_output_y)","np.einsum('ij,jm->im',input_x.transpose().iloc[1:], h - true_output_y)","np.einsum('ij,jm->im',input_x.transpose().iloc[1:], h - true_output_y)"D://crw_data//np.arange\source150\code\np.full_empty_replace0.py,MemoryError,0D://crw_data//np.arange\source150\code\np.full_empty_replace0.py,MemoryError,0D://crw_data//np.arange\source150\code\np.full_empty_replace0.py,MemoryError,0D://crw_data//np.abs\source105\code\np.hstack_replace0.py,AssertionError,2,"np.hstack([X_train, month_model.predict(month_values.reshape(-1, 1))]","np.hstack([X_train, month_model.predict(month_values.reshape(-1, 1))]","np.hstack([X_train, month_model.predict(month_values.reshape(-1, 1))]"D://crw_data//np.abs\source106\code\np.hstack_replace0.py,AssertionError,2,"np.hstack([X_train, month_model.predict(month_values.reshape(-1, 1))]","np.hstack([X_train, month_model.predict(month_values.reshape(-1, 1))]","np.hstack([X_train, month_model.predict(month_values.reshape(-1, 1))]"D://crw_data//np.abs\source3\code\np.hstack_replace0.py,AssertionError,2,"np.hstack([X_train, month_model.predict(month_values.reshape(-1, 1))]","np.hstack([X_train, month_model.predict(month_values.reshape(-1, 1))]","np.hstack([X_train, month_model.predict(month_values.reshape(-1, 1))]"D://crw_data//np.abs\source105\code\np.hstack_concatenate_replace0.py,AssertionError,2,"np.hstack([X_train, month_model.predict(month_values.reshape(-1, 1))]","np.hstack([X_train, month_model.predict(month_values.reshape(-1, 1))]","np.hstack([X_train, month_model.predict(month_values.reshape(-1, 1))]"D://crw_data//np.abs\source106\code\np.hstack_concatenate_replace0.py,AssertionError,2,"np.hstack([X_train, month_model.predict(month_values.reshape(-1, 1))]","np.hstack([X_train, month_model.predict(month_values.reshape(-1, 1))]","np.hstack([X_train, month_model.predict(month_values.reshape(-1, 1))]"D://crw_data//np.abs\source3\code\np.hstack_concatenate_replace0.py,AssertionError,2,"np.hstack([X_train, month_model.predict(month_values.reshape(-1, 1))]","np.hstack([X_train, month_model.predict(month_values.reshape(-1, 1))]","np.hstack([X_train, month_model.predict(month_values.reshape(-1, 1))]"D://crw_data//df.astype\source2\code\np.linalg.norm_replace1.py,AssertionError,1D://crw_data//np.linalg.norm\source4\code\np.linalg.norm_replace0.py,TypeError,2,"np.sqrt(np.square(c[1:] - c[:-1], axis=1).sum())","np.sqrt(np.square(c[1:] - c[:-1], axis=1).sum())","np.sqrt(np.square(c[1:] - c[:-1], axis=1).sum())"D://crw_data//pd.read_csv\source1761\code\np.ndarray.dot_tensordot_replace3.py,AssertionError,2,"np.tensordot(test,Theta,axes=1)","np.tensordot(test,Theta,axes=1)","np.tensordot(test,Theta,axes=1)"D://crw_data//df.astype\source2\code\np.ndarray.sum_einsum_replace0.py,ValueError,2,"np.einsum('ij->j',np)","np.einsum('ij->j',np)","np.einsum('ij->j',np)"D://crw_data//df.fillna\source20\code\np.ndarray.sum_einsum_replace0.py,ValueError,2,"np.einsum('i->', dataset.isnull().values)","np.einsum('i->', dataset.isnull().values)","np.einsum('i->', dataset.isnull().values)"D://crw_data//df.fillna\source33\code\np.ndarray.sum_einsum_replace0.py,ValueError,2,"r2 = np.einsum('i->', np)","r2 = np.einsum('i->', np)","r2 = np.einsum('i->', np)"D://crw_data//df.fillna\source44\code\np.ndarray.sum_einsum_replace0.py,ValueError,2,"np.einsum('i->',test_df.isnull())","np.einsum('i->',test_df.isnull())","np.einsum('i->',test_df.isnull())"D://crw_data//df.iloc\source20\code\np.ndarray.sum_einsum_replace0.py,ValueError,2,"df.iloc[:, a:b].sum(1)","df.iloc[:, a:b].sum(1)","df.iloc[:, a:b].sum(1)"D://crw_data//df.iloc\source30\code\np.ndarray.sum_einsum_replace0.py,AssertionError,1D://crw_data//df.iloc\source65\code\np.ndarray.sum_einsum_replace0.py,ValueError,2," np.einsum('i->', np)"," np.einsum('i->', np)"," np.einsum('i->', np)"D://crw_data//df.loc\source88\code\np.ndarray.sum_einsum_replace0.py,ValueError,2,df_train.groupby('idhogar')['parentesco1'].sum(),df_train.groupby('idhogar')['parentesco1'].sum(),df_train.groupby('idhogar')['parentesco1'].sum()D://crw_data//np.append\source47\code\np.ndarray.sum_einsum_replace0.py,ValueError,2,"np.einsum('ij->i', np)","np.einsum('ij->i', np)","np.einsum('ij->i', np)"D://crw_data//np.arange\source253\code\np.ndarray.sum_einsum_replace0.py,AssertionError,2,"np.einsum('i->',np)","np.einsum('i->',np)","np.einsum('i->',np)"D://crw_data//np.arange\source311\code\np.ndarray.sum_einsum_replace0.py,ValueError,2,sa.sum(axis=0),sa.sum(axis=0),sa.sum(axis=0)D://crw_data//np.arange\source315\code\np.ndarray.sum_einsum_replace0.py,ValueError,0D://crw_data//np.arange\source33\code\np.ndarray.sum_einsum_replace0.py,ValueError,0D://crw_data//pd.read_csv\source476\code\np.ndarray.sum_einsum_replace0.py,NameError,0D://crw_data//df.astype\source2\code\np.ndarray.sum_einsum_replace1.py,ValueError,0D://crw_data//df.fillna\source20\code\np.ndarray.sum_einsum_replace1.py,ValueError,0D://crw_data//np.dot\source17\code\np.ones_empty_replace0.py,MemoryError,0D://crw_data//np.arange\source385\code\np.sumcount_nonzero_replace0.py,AssertionError,0D://crw_data//df.fillna\source48\code\np.ndarray.sum_count_nonzero_replace0.py,AssertionError,0D://crw_data//df.iloc\source30\code\np.ndarray.sum_count_nonzero_replace0.py,AssertionError,1D://crw_data//df.iloc\source33\code\np.ndarray.sum_count_nonzero_replace0.py,AssertionError,1D://crw_data//df.loc\source88\code\np.ndarray.sum_count_nonzero_replace0.py,ValueError,1D://crw_data//np.arange\source311\code\np.ndarray.sum_count_nonzero_replace0.py,ValueError,0D://crw_data//np.arange\source406\code\np.ndarray.sum_count_nonzero_replace0.py,AssertionError,1D://crw_data//np.arange\source409\code\np.ndarray.sum_count_nonzero_replace0.py,AssertionError,1D://crw_data//np.argmax\source76\code\np.ndarray.sum_count_nonzero_replace0.py,AssertionError,0D://crw_data//np.argsort\source56\code\np.ndarray.sum_count_nonzero_replace0.py,AssertionError,1D://crw_data//df.fillna\source48\code\np.ndarray.sum_count_nonzero_replace1.py,AssertionError,0D://crw_data//df.apply\source42\code\np.sum_einsum_replace0.py,AssertionError,2,r1 = np.sum(total_weights),r1 = np.sum(total_weights),r1 = np.sum(total_weights)D://crw_data//df.astype\source2\code\np.sum_einsum_replace1.py,ValueError,2,"np.einsum('i->',logprobs)","np.einsum('i->',logprobs)","np.einsum('i->',logprobs)"D://crw_data//df.iloc\source62\code\np.sum_einsum_replace0.py,AssertionError,2,"np.einsum('i->',yyy)","np.einsum('i->',yyy)","np.einsum('i->',yyy)"D://crw_data//np.arange\source315\code\np.sum_sum_replace0.py,ValueError,0D://crw_data//np.sum\source101\code\np.sum_sum_replace0.py,ValueError,0D://crw_data//df.fillna\source32\code\np.transpose_column_stack_replace2.py,AttributeError,1D://crw_data//df.fillna\source32\code\np.transpose_column_stack_replace3.py,AttributeError,1D://crw_data//np.abs\source9\code\np.transpose_column_stack_replace0.py,AttributeError,1D://crw_data//np.argmax\source110\code\np.transpose_column_stack_replace0.py,AttributeError,1D://crw_data//np.argmax\source110\code\np.transpose_column_stack_replace1.py,AttributeError,1D://crw_data//np.argmax\source110\code\np.transpose_column_stack_replace2.py,AttributeError,1D://crw_data//np.array\source1065\code\np.transpose_column_stack_replace0.py,AttributeError,1D://crw_data//np.array\source1083\code\np.transpose_column_stack_replace0.py,AttributeError,1D://crw_data//np.array\source238\code\np.transpose_column_stack_replace0.py,AttributeError,1D://crw_data//np.array\source259\code\np.transpose_column_stack_replace0.py,AttributeError,1D://crw_data//np.array\source422\code\np.transpose_column_stack_replace0.py,AttributeError,1D://crw_data//np.array\source422\code\np.transpose_column_stack_replace1.py,AttributeError,1D://crw_data//np.array\source422\code\np.transpose_column_stack_replace2.py,AttributeError,1D://crw_data//df.apply\source10\code\pd.Series.map_replace_replace0.py,TypeError,0D://crw_data//df.apply\source107\code\pd.DataFrame.apply_where_replace0.py,TypeError,1D://crw_data//df.apply\source13\code\pd.Series.apply_map_replace0.py,AttributeError,1D://crw_data//df.apply\source13\code\pd.Series.apply_map_replace1.py,AttributeError,1D://crw_data//df.apply\source14\code\pd.DataFrame.fillna_replace0.py,AttributeError,1D://crw_data//df.apply\source14\code\pd.DataFrame.fillna_replace1.py,AttributeError,1D://crw_data//df.apply\source14\code\pd.DataFrame.fillna_replace2.py,AttributeError,1D://crw_data//df.apply\source14\code\pd.Series.apply_map_replace0.py,AttributeError,1D://crw_data//df.apply\source17\code\pd.Series.apply_map_replace0.py,AttributeError,1D://crw_data//df.apply\source20\code\pd.DataFrame.apply_where_replace0.py,ValueError,0D://crw_data//df.apply\source20\code\pd.DataFrame.apply_where_replace1.py,ValueError,0D://crw_data//df.apply\source20\code\pd.Series.astype_replace0.py,AttributeError,1D://crw_data//df.apply\source23\code\pd.Series.apply_map_replace1.py,AttributeError,1D://crw_data//df.apply\source25\code\pd.DataFrame.apply_where_replace0.py,TypeError,1
D://crw_data//df.apply\source25\code\pd.Series.astype_replace0.py,AttributeError,1
D://crw_data//df.apply\source25\code\pd.Series.astype_replace1.py,AttributeError,1
D://crw_data//df.apply\source25\code\pd.Series.astype_replace2.py,AttributeError,1
D://crw_data//df.apply\source30\code\pd.DataFrame.fillna_replace0.py,AttributeError,1
D://crw_data//df.apply\source30\code\pd.DataFrame.fillna_replace1.py,AttributeError,1
D://crw_data//df.apply\source34\code\pd.DataFrame.fillna_replace0.py,AttributeError,1
D://crw_data//df.apply\source34\code\pd.DataFrame.fillna_replace1.py,AttributeError,1
D://crw_data//df.apply\source34\code\pd.Series.replace_map_replace0.py,AttributeError,1
D://crw_data//df.apply\source37\code\pd.Series.apply_map_replace0.py,AttributeError,1
D://crw_data//df.apply\source38\code\pd.Series.apply_map_replace0.py,AttributeError,1
D://crw_data//df.apply\source40\code\pd.Series.apply_map_replace0.py,AttributeError,1
D://crw_data//df.apply\source54\code\pd.DataFrame.fillna_replace0.py,AttributeError,1
D://crw_data//df.apply\source58\code\pd.DataFrame.apply_where_replace0.py,TypeError,1
D://crw_data//df.apply\source60\code\pd.DataFrame.apply_where_replace0.py,TypeError,1
D://crw_data//df.apply\source69\code\pd.DataFrame.apply_where_replace0.py,ValueError,0
D://crw_data//df.apply\source69\code\pd.DataFrame.apply_where_replace1.py,ValueError,0
D://crw_data//df.apply\source69\code\pd.Series.astype_replace0.py,AttributeError,1
D://crw_data//df.at\source14\code\pd.DataFrame.iloc_replace0.py,ValueError,1
D://crw_data//df.at\source16\code\pd.Series.replace_map_replace0.py,TypeError,1
D://crw_data//df.at\source21\code\pd.Series.replace_map_replace0.py,AttributeError,1
D://crw_data//df.at\source23\code\pd.Series.replace_map_replace0.py,AttributeError,1
D://crw_data//df.at\source26\code\pd.Series.replace_map_replace0.py,AttributeError,1
D://crw_data//df.at\source9\code\pd.Series.replace_map_replace1.py,AttributeError,1
D://crw_data//df.fillna\source10\code\pd.Series.astype_replace0.py,AttributeError,1
D://crw_data//df.fillna\source13\code\pd.DataFrame.fillna_replace0.py,AttributeError,1
D://crw_data//df.fillna\source23\code\pd.Series.astype_replace3.py,AttributeError,1
D://crw_data//df.fillna\source23\code\pd.Series.astype_replace4.py,AttributeError,1
D://crw_data//df.fillna\source23\code\pd.Series.astype_replace5.py,AttributeError,1
D://crw_data//df.fillna\source23\code\pd.Series.astype_replace6.py,AttributeError,1
D://crw_data//df.fillna\source25\code\pd.Series.astype_replace0.py,AssertionError,0
D://crw_data//df.fillna\source26\code\pd.Series.astype_replace0.py,AssertionError,0
D://crw_data//df.fillna\source3\code\pd.DataFrame.fillna_replace0.py,AttributeError,1
D://crw_data//df.fillna\source33\code\pd.Series.astype_replace0.py,AttributeError,1
D://crw_data//df.fillna\source41\code\pd.Series.replace_map_replace0.py,TypeError,1
D://crw_data//df.fillna\source44\code\pd.Series.replace_map_replace1.py,TypeError,1
D://crw_data//df.fillna\source48\code\pd.Series.astype_replace1.py,AssertionError,0
D://crw_data//df.fillna\source48\code\pd.Series.astype_replace2.py,AssertionError,0
D://crw_data//df.fillna\source52\code\pd.Series.astype_replace0.py,AssertionError,0
D://crw_data//df.fillna\source54\code\pd.Series.iloc_replace0.py,ValueError,1
D://crw_data//df.fillna\source54\code\pd.Series.iloc_replace1.py,ValueError,1
D://crw_data//df.fillna\source54\code\pd.Series.iloc_replace4.py,ValueError,1
D://crw_data//df.iloc\source12\code\pd.Series.iloc_replace1.py,ValueError,1
D://crw_data//df.iloc\source12\code\pd.Series.iloc_replace3.py,ValueError,1
D://crw_data//df.iloc\source19\code\pd.Series.iloc_replace5.py,ValueError,1
D://crw_data//df.iloc\source19\code\pd.Series.replace_map_replace0.py,TypeError,1
D://crw_data//df.iloc\source2\code\pd.DataFrame.iloc_replace0.py,ValueError,1
D://crw_data//df.iloc\source2\code\pd.Series.iloc_replace1.py,ValueError,1
D://crw_data//df.iloc\source2\code\pd.Series.iloc_replace3.py,ValueError,1
D://crw_data//df.iloc\source2\code\pd.Series.iloc_replace5.py,ValueError,1
D://crw_data//df.iloc\source20\code\pd.DataFrame.iloc_replace0.py,ValueError,1
D://crw_data//df.iloc\source21\code\pd.DataFrame.iloc_replace0.py,ValueError,1
D://crw_data//df.iloc\source21\code\pd.DataFrame.iloc_replace1.py,ValueError,1
D://crw_data//df.iloc\source22\code\pd.DataFrame.iloc_replace0.py,ValueError,1
D://crw_data//df.iloc\source22\code\pd.Series.iloc_replace1.py,ValueError,1
D://crw_data//df.iloc\source22\code\pd.Series.iloc_replace3.py,ValueError,1
D://crw_data//df.iloc\source22\code\pd.Series.iloc_replace5.py,ValueError,1
D://crw_data//df.iloc\source29\code\pd.Series.iloc_replace0.py,ValueError,1
D://crw_data//df.iloc\source30\code\pd.DataFrame.iloc_replace0.py,ValueError,1
D://crw_data//df.iloc\source30\code\pd.Series.astype_replace0.py,AttributeError,1
D://crw_data//df.iloc\source31\code\pd.DataFrame.iloc_replace0.py,ValueError,1
D://crw_data//df.iloc\source31\code\pd.Series.astype_replace0.py,AssertionError,0
D://crw_data//df.iloc\source31\code\pd.Series.astype_replace1.py,AssertionError,0
D://crw_data//df.iloc\source31\code\pd.Series.iloc_replace1.py,ValueError,1
D://crw_data//df.iloc\source31\code\pd.Series.iloc_replace3.py,ValueError,1
D://crw_data//df.iloc\source33\code\pd.Series.iloc_replace0.py,ValueError,1
D://crw_data//df.iloc\source38\code\pd.DataFrame.iloc_replace0.py,ValueError,1
D://crw_data//df.iloc\source45\code\pd.DataFrame.iloc_replace0.py,ValueError,1
D://crw_data//df.iloc\source46\code\pd.DataFrame.iloc_replace0.py,TypeError,1
D://crw_data//df.iloc\source46\code\pd.Series.map_replace_replace0.py,TypeError,1
D://crw_data//df.iloc\source46\code\pd.Series.map_replace_replace1.py,TypeError,1
D://crw_data//df.iloc\source55\code\pd.Series.replace_map_replace0.py,TypeError,0
D://crw_data//df.iloc\source60\code\pd.DataFrame.iloc_replace0.py,ValueError,1
D://crw_data//df.iloc\source65\code\pd.DataFrame.fillna_replace0.py,AssertionError,0
D://crw_data//df.iloc\source70\code\pd.DataFrame.iloc_replace0.py,ValueError,1
D://crw_data//df.iloc\source79\code\pd.Series.astype_replace0.py,AttributeError,1
D://crw_data//df.iloc\source79\code\pd.Series.astype_replace1.py,AttributeError,1
D://crw_data//df.iloc\source87\code\pd.DataFrame.iloc_replace0.py,ValueError,1
D://crw_data//df.iterrows\source18\code\pd.Series.replace_map_replace0.py,TypeError,0
D://crw_data//df.iterrows\source7\code\pd.Series.replace_map_replace0.py,TypeError,1
D://crw_data//df.join\source1\code\pd.Series.replace_map_replace0.py,TypeError,0
D://crw_data//df.join\source10\code\pd.DataFrame.fillna_replace0.py,AttributeError,1
D://crw_data//df.join\source10\code\pd.Series.replace_map_replace0.py,TypeError,0
D://crw_data//df.join\source11\code\pd.Series.iloc_replace1.py,ValueError,1
D://crw_data//df.join\source11\code\pd.Series.iloc_replace3.py,ValueError,1
D://crw_data//df.join\source59\code\pd.Series.iloc_replace1.py,ValueError,1
D://crw_data//df.join\source59\code\pd.Series.iloc_replace3.py,ValueError,1
D://crw_data//df.loc\source106\code\pd.Series.astype_replace1.py,AttributeError,1
D://crw_data//df.loc\source120\code\pd.Series.map_replace_replace0.py,TypeError,1
D://crw_data//df.loc\source120\code\pd.Series.map_replace_replace1.py,TypeError,1
D://crw_data//df.loc\source122\code\pd.Series.map_replace_replace0.py,TypeError,1
D://crw_data//df.loc\source122\code\pd.Series.map_replace_replace1.py,TypeError,1
D://crw_data//df.loc\source125\code\pd.Series.replace_map_replace0.py,TypeError,0
D://crw_data//df.loc\source135\code\pd.Series.astype_replace0.py,AssertionError,0
D://crw_data//df.loc\source135\code\pd.Series.replace_map_replace0.py,TypeError,0
D://crw_data//df.loc\source136\code\pd.Series.map_replace_replace0.py,TypeError,1
D://crw_data//df.loc\source136\code\pd.Series.map_replace_replace1.py,TypeError,1
D://crw_data//df.loc\source143\code\pd.Series.map_replace_replace0.py,TypeError,1
D://crw_data//df.loc\source143\code\pd.Series.map_replace_replace1.py,TypeError,1
D://crw_data//df.loc\source154\code\pd.Series.map_replace_replace0.py,TypeError,1
D://crw_data//df.loc\source154\code\pd.Series.map_replace_replace1.py,TypeError,1
D://crw_data//df.loc\source162\code\pd.Series.replace_map_replace0.py,TypeError,1
D://crw_data//df.loc\source19\code\pd.Series.str_replace0.py,MemoryError,0
D://crw_data//df.loc\source19\code\pd.Series.str_replace1.py,MemoryError,0
D://crw_data//df.loc\source254\code\pd.Series.map_replace_replace0.py,TypeError,1
D://crw_data//df.loc\source254\code\pd.Series.map_replace_replace1.py,TypeError,1
D://crw_data//df.merge\source81\code\pd.DataFrame.iloc_replace0.py,ValueError,1
D://crw_data//df.merge\source88\code\pd.DataFrame.fillna_replace0.py,AttributeError,1
D://crw_data//df.replace\source1\code\pd.Series.replace_map_replace0.py,AttributeError,1
D://crw_data//df.sum\source5\code\pd.Series.astype_replace0.py,TypeError,0
D://crw_data//np.abs\source108\code\pd.DataFrame.iloc_replace0.py,ValueError,1
D://crw_data//np.abs\source109\code\pd.Series.astype_replace1.py,TypeError,0
D://crw_data//np.abs\source33\code\pd.Series.replace_map_replace0.py,AttributeError,1
D://crw_data//np.abs\source4\code\pd.Series.replace_map_replace0.py,AttributeError,1
D://crw_data//np.abs\source96\code\pd.DataFrame.iloc_replace0.py,ValueError,1
D://crw_data//np.append\source15\code\pd.DataFrame.iloc_replace0.py,ValueError,1
D://crw_data//np.append\source15\code\pd.Series.astype_replace0.py,TypeError,0
D://crw_data//np.append\source20\code\pd.Series.replace_map_replace0.py,TypeError,0
D://crw_data//np.append\source30\code\pd.Series.replace_map_replace0.py,AttributeError,1
D://crw_data//np.append\source31\code\pd.Series.iloc_replace1.py,ValueError,1
D://crw_data//np.append\source31\code\pd.Series.iloc_replace2.py,ValueError,1
D://crw_data//np.append\source31\code\pd.Series.iloc_replace3.py,ValueError,1
D://crw_data//np.append\source31\code\pd.Series.iloc_replace4.py,ValueError,1
D://crw_data//np.append\source31\code\pd.Series.iloc_replace5.py,ValueError,1
D://crw_data//np.append\source31\code\pd.Series.iloc_replace6.py,ValueError,1
D://crw_data//np.append\source31\code\pd.Series.iloc_replace7.py,ValueError,1
D://crw_data//np.append\source31\code\pd.Series.iloc_replace8.py,ValueError,1
D://crw_data//np.append\source32\code\pd.Series.replace_map_replace0.py,AttributeError,1
D://crw_data//np.append\source49\code\pd.Series.replace_map_replace0.py,TypeError,0
D://crw_data//np.append\source5\code\pd.Series.astype_replace0.py,AttributeError,1
D://crw_data//np.arange\source120\code\pd.DataFrame.iloc_replace0.py,ValueError,1
D://crw_data//np.arange\source120\code\pd.Series.replace_map_replace0.py,AttributeError,1
D://crw_data//np.arange\source13\code\pd.Series.iloc_replace0.py,ValueError,1
D://crw_data//np.arange\source13\code\pd.Series.iloc_replace1.py,ValueError,1
D://crw_data//np.arange\source215\code\pd.DataFrame.fillna_replace0.py,AttributeError,1
D://crw_data//np.arange\source232\code\pd.Series.astype_replace0.py,AttributeError,1
D://crw_data//np.arange\source235\code\pd.Series.astype_replace0.py,AttributeError,1
D://crw_data//np.arange\source257\code\pd.Series.iloc_replace1.py,ValueError,1
D://crw_data//np.arange\source257\code\pd.Series.iloc_replace3.py,ValueError,1
D://crw_data//np.arange\source281\code\pd.DataFrame.fillna_replace0.py,AttributeError,1
D://crw_data//np.arange\source315\code\pd.Series.astype_replace0.py,AttributeError,1
D://crw_data//np.arange\source33\code\pd.Series.replace_map_replace0.py,TypeError,0
D://crw_data//np.arange\source345\code\pd.DataFrame.iloc_replace0.py,ValueError,1
D://crw_data//np.argmax\source29\code\np.vstack_concatenate_replace0.py,ValueError,1
D://crw_data//np.argmax\source29\code\np.vstack_concatenate_replace1.py,ValueError,1
D://crw_data//np.argmax\source76\code\pd.DataFrame.iloc_replace0.py,ValueError,1
D://crw_data//np.argmax\source76\code\pd.Series.astype_replace0.py,AttributeError,1
D://crw_data//np.argmax\source76\code\pd.Series.astype_replace3.py,AttributeError,1
D://crw_data//np.argsort\source126\code\pd.Series.iloc_replace0.py,ValueError,1
D://crw_data//np.argsort\source126\code\pd.Series.iloc_replace1.py,ValueError,1
D://crw_data//np.argsort\source37\code\np.where_apply_replace0.py,NameError,1
D://crw_data//np.argsort\source56\code\pd.Series.replace_map_replace0.py,TypeError,0
D://crw_data//np.argsort\source90\code\np.where_map_replace0.py,AttributeError,1
D://crw_data//np.array\source100\code\np.where_apply_replace0.py,NameError,1
D://crw_data//np.array\source1007\code\pd.Series.astype_replace0.py,AttributeError,1
D://crw_data//np.array\source1065\code\pd.Series.replace_map_replace0.py,AttributeError,1
D://crw_data//np.array\source1124\code\pd.DataFrame.iloc_replace0.py,ValueError,1
D://crw_data//np.array\source1124\code\pd.Series.astype_replace0.py,AttributeError,1
D://crw_data//np.array\source1215\code\pd.Series.astype_replace0.py,AttributeError,1
D://crw_data//np.array\source181\code\pd.Series.replace_map_replace0.py,TypeError,0
D://crw_data//np.array\source19\code\pd.Series.astype_replace3.py,AttributeError,1
D://crw_data//np.array\source195\code\pd.Series.replace_map_replace0.py,AttributeError,1
D://crw_data//np.array\source199\code\pd.Series.astype_replace1.py,AttributeError,1
D://crw_data//np.array\source201\code\pd.Series.replace_map_replace0.py,TypeError,0
D://crw_data//np.array\source204\code\pd.Series.replace_map_replace0.py,TypeError,0
D://crw_data//np.array\source247\code\pd.Series.replace_map_replace0.py,AttributeError,1
D://crw_data//np.array\source249\code\pd.Series.replace_map_replace0.py,AttributeError,1
D://crw_data//np.array\source313\code\pd.DataFrame.iloc_replace0.py,TypeError,0
D://crw_data//np.array\source397\code\np.nonzero_replace0.py,ValueError,0
D://crw_data//np.array\source422\code\np.transpose_column_stack_replace3.py,AttributeError,1
D://crw_data//np.array\source422\code\np.transpose_column_stack_replace4.py,AttributeError,1
D://crw_data//np.array\source422\code\np.transpose_column_stack_replace5.py,AttributeError,1
D://crw_data//np.array\source429\code\np.transpose_column_stack_replace0.py,AttributeError,1
D://crw_data//np.array\source429\code\np.transpose_column_stack_replace1.py,AttributeError,1
D://crw_data//np.array\source429\code\np.transpose_column_stack_replace2.py,AttributeError,1
D://crw_data//np.array\source429\code\np.transpose_column_stack_replace3.py,AttributeError,1
D://crw_data//np.array\source429\code\np.transpose_column_stack_replace4.py,AttributeError,1
D://crw_data//np.array\source429\code\np.transpose_column_stack_replace5.py,AttributeError,1
D://crw_data//np.array\source429\code\np.transpose_column_stack_replace6.py,AttributeError,1
D://crw_data//np.array\source429\code\np.transpose_column_stack_replace7.py,AttributeError,1
D://crw_data//np.array\source474\code\pd.Series.replace_map_replace0.py,AttributeError,1
D://crw_data//np.array\source60\code\pd.Series.astype_replace0.py,AssertionError,2
D://crw_data//np.array\source608\code\pd.Series.astype_replace0.py,AttributeError,1
D://crw_data//np.array\source608\code\pd.Series.replace_map_replace0.py,AttributeError,1
D://crw_data//np.array\source609\code\pd.Series.astype_replace0.py,AttributeError,1
D://crw_data//np.array\source721\code\pd.Series.astype_replace5.py,AssertionError,0
D://crw_data//np.array\source742\code\np.transpose_column_stack_replace0.py,AttributeError,1
D://crw_data//np.array\source752\code\pd.Series.astype_replace6.py,AssertionError,0
D://crw_data//np.array\source832\code\pd.Series.astype_replace8.py,AssertionError,0
D://crw_data//np.array\source832\code\pd.Series.astype_replace9.py,AssertionError,0
D://crw_data//np.array\source888\code\pd.Series.astype_replace0.py,AttributeError,1
D://crw_data//np.array\source891\code\pd.Series.astype_replace1.py,AttributeError,1
D://crw_data//np.array\source891\code\pd.Series.astype_replace2.py,AttributeError,1
D://crw_data//np.array\source919\code\pd.Series.astype_replace0.py,AttributeError,1
D://crw_data//np.array\source919\code\pd.Series.astype_replace1.py,AssertionError,0
D://crw_data//np.array\source930\code\pd.Series.astype_replace1.py,AttributeError,1
D://crw_data//np.array\source930\code\pd.Series.astype_replace2.py,AttributeError,1
D://crw_data//np.array\source939\code\pd.Series.astype_replace1.py,AttributeError,1
D://crw_data//np.array\source960\code\np.transpose_column_stack_replace0.py,AttributeError,1
D://crw_data//np.array\source961\code\pd.Series.astype_replace1.py,AttributeError,1
D://crw_data//np.array\source962\code\pd.Series.astype_replace0.py,AttributeError,1
D://crw_data//np.array\source970\code\pd.Series.astype_replace0.py,AttributeError,1
D://crw_data//np.array\source977\code\pd.Series.astype_replace0.py,AssertionError,0
D://crw_data//np.array\source977\code\pd.Series.astype_replace3.py,AttributeError,1
D://crw_data//np.array\source977\code\pd.Series.astype_replace4.py,AssertionError,0
D://crw_data//np.array\source994\code\pd.Series.astype_replace0.py,AttributeError,1
D://crw_data//np.array\source994\code\pd.Series.astype_replace2.py,AttributeError,1
D://crw_data//np.array\source994\code\pd.Series.astype_replace4.py,AssertionError,0
D://crw_data//np.array\source994\code\pd.Series.astype_replace6.py,AttributeError,1
D://crw_data//np.array\source998\code\pd.Series.astype_replace0.py,AttributeError,1
D://crw_data//np.column_stack\source17\code\pd.Series.astype_replace0.py,AttributeError,1
D://crw_data//np.column_stack\source18\code\pd.Series.astype_replace0.py,AttributeError,1
D://crw_data//np.column_stack\source21\code\pd.Series.astype_replace0.py,AttributeError,1
D://crw_data//np.column_stack\source28\code\pd.Series.astype_replace0.py,AttributeError,1
D://crw_data//np.concatenate\source104\code\pd.Series.astype_replace0.py,AttributeError,1
D://crw_data//np.concatenate\source104\code\pd.Series.astype_replace1.py,AttributeError,1
D://crw_data//np.concatenate\source104\code\pd.Series.astype_replace2.py,AttributeError,1
D://crw_data//np.concatenate\source113\code\np.vstack_concatenate_replace0.py,ValueError,1
D://crw_data//np.concatenate\source113\code\np.vstack_concatenate_replace1.py,ValueError,1
D://crw_data//np.concatenate\source114\code\pd.Series.iloc_replace1.py,ValueError,1
D://crw_data//np.concatenate\source116\code\pd.Series.iloc_replace1.py,ValueError,1
D://crw_data//np.concatenate\source128\code\pd.Series.astype_replace0.py,AssertionError,0
D://crw_data//np.concatenate\source133\code\pd.DataFrame.fillna_replace0.py,AttributeError,1
D://crw_data//np.concatenate\source196\code\pd.DataFrame.iloc_replace0.py,ValueError,1
D://crw_data//np.concatenate\source215\code\pd.DataFrame.fillna_replace1.py,AttributeError,1
D://crw_data//np.concatenate\source235\code\pd.DataFrame.fillna_replace0.py,AttributeError,1
D://crw_data//np.concatenate\source235\code\pd.DataFrame.fillna_replace1.py,AttributeError,1
D://crw_data//np.concatenate\source235\code\pd.DataFrame.fillna_replace2.py,AttributeError,1
D://crw_data//np.concatenate\source244\code\pd.DataFrame.fillna_replace0.py,AttributeError,1
D://crw_data//np.concatenate\source244\code\pd.DataFrame.fillna_replace1.py,AttributeError,1
D://crw_data//np.concatenate\source244\code\pd.DataFrame.fillna_replace2.py,AttributeError,1
D://crw_data//np.concatenate\source32\code\pd.Series.astype_replace0.py,AttributeError,1
D://crw_data//np.concatenate\source44\code\pd.Series.astype_replace0.py,AssertionError,0
D://crw_data//np.concatenate\source44\code\pd.Series.astype_replace1.py,AssertionError,0
D://crw_data//np.concatenate\source44\code\pd.Series.iloc_replace1.py,ValueError,1
D://crw_data//np.concatenate\source44\code\pd.Series.iloc_replace3.py,ValueError,1
D://crw_data//np.concatenate\source44\code\pd.Series.iloc_replace5.py,ValueError,1
D://crw_data//np.concatenate\source84\code\pd.DataFrame.fillna_replace0.py,AttributeError,1
D://crw_data//np.concatenate\source84\code\pd.DataFrame.fillna_replace1.py,AttributeError,1
D://crw_data//np.concatenate\source96\code\pd.DataFrame.fillna_replace0.py,AttributeError,1
D://crw_data//np.concatenate\source96\code\pd.DataFrame.fillna_replace1.py,AttributeError,1
D://crw_data//np.concatenate\source96\code\pd.DataFrame.fillna_replace2.py,AttributeError,1
D://crw_data//np.count_nonzero\source6\code\pd.DataFrame.fillna_replace0.py,AttributeError,1
D://crw_data//np.count_nonzero\source6\code\pd.DataFrame.fillna_replace1.py,AttributeError,1
D://crw_data//np.count_nonzero\source6\code\pd.DataFrame.fillna_replace2.py,AttributeError,1
D://crw_data//np.count_nonzero\source6\code\pd.DataFrame.fillna_replace3.py,AttributeError,1
D://crw_data//np.count_nonzero\source6\code\pd.DataFrame.fillna_replace4.py,AttributeError,1
D://crw_data//np.count_nonzero\source6\code\pd.DataFrame.fillna_replace5.py,AttributeError,1
D://crw_data//np.dot\source9\code\pd.DataFrame.iloc_replace0.py,TypeError,0
D://crw_data//np.flatnonzero\source1\code\pd.Series.astype_replace0.py,AssertionError,0
D://crw_data//np.full\source28\code\pd.Series.astype_replace0.py,AttributeError,1
D://crw_data//np.hstack\source16\code\pd.DataFrame.apply_where_replace0.py,TypeError,1
D://crw_data//np.hstack\source31\code\pd.Series.astype_replace0.py,AttributeError,1
D://crw_data//np.hstack\source53\code\np.vstack_concatenate_replace0.py,ValueError,1
D://crw_data//np.linalg.norm\source4\code\np.where_apply_replace0.py,NameError,0
D://crw_data//np.sum\source172\code\pd.Series.replace_map_replace0.py,AttributeError,1
D://crw_data//np.sum\source238\code\pd.Series.replace_map_replace0.py,AttributeError,1
D://crw_data//np.vectorize\source5\code\pd.Series.replace_map_replace0.py,AttributeError,1
D://crw_data//np.where\source155\code\np.where_apply_replace0.py,NameError,0
D://crw_data//np.where\source156\code\pd.Series.map_where_replace1.py,ValueError,0
D://crw_data//np.where\source21\code\np.transpose_column_stack_replace0.py,AttributeError,1
D://crw_data//np.where\source21\code\np.where_apply_replace0.py,NameError,0
D://crw_data//np.where\source74\code\pd.Series.map_where_replace1.py,ValueError,0
D://crw_data//np.zeros\source113\code\pd.Series.replace_map_replace0.py,AttributeError,1
D://crw_data//np.zeros\source137\code\pd.Series.iloc_replace1.py,ValueError,1
D://crw_data//np.zeros\source137\code\pd.Series.iloc_replace3.py,ValueError,1
D://crw_data//np.zeros\source137\code\pd.Series.replace_map_replace0.py,AttributeError,1
D://crw_data//np.zeros\source14\code\pd.Series.iloc_replace1.py,ValueError,1
D://crw_data//np.zeros\source14\code\pd.Series.replace_map_replace0.py,AttributeError,1
D://crw_data//np.zeros\source141\code\pd.Series.iloc_replace1.py,ValueError,1
D://crw_data//np.zeros\source141\code\pd.Series.iloc_replace3.py,ValueError,1
D://crw_data//np.zeros\source142\code\pd.Series.iloc_replace1.py,ValueError,1
D://crw_data//np.zeros\source142\code\pd.Series.iloc_replace3.py,ValueError,1
D://crw_data//np.zeros\source160\code\pd.Series.map_replace_replace1.py,TypeError,1
D://crw_data//np.zeros\source18\code\pd.Series.replace_map_replace0.py,AttributeError,1
D://crw_data//np.zeros\source183\code\pd.Series.iloc_replace1.py,ValueError,1
D://crw_data//np.zeros\source183\code\pd.Series.iloc_replace3.py,ValueError,1
D://crw_data//np.zeros\source2\code\pd.Series.iloc_replace1.py,ValueError,1
D://crw_data//np.zeros\source2\code\pd.Series.iloc_replace3.py,ValueError,1
D://crw_data//np.zeros\source305\code\pd.Series.map_replace_replace1.py,TypeError,1
D://crw_data//np.zeros\source313\code\pd.Series.map_replace_replace0.py,TypeError,1
D://crw_data//np.zeros\source313\code\pd.Series.map_replace_replace1.py,TypeError,1
D://crw_data//np.zeros\source340\code\pd.Series.map_replace_replace0.py,TypeError,1
D://crw_data//np.zeros\source344\code\pd.Series.map_replace_replace0.py,TypeError,1
D://crw_data//np.zeros\source344\code\pd.Series.map_replace_replace1.py,TypeError,1
D://crw_data//np.zeros\source353\code\pd.Series.map_replace_replace0.py,TypeError,1
D://crw_data//np.zeros\source366\code\pd.Series.map_replace_replace0.py,TypeError,1
D://crw_data//np.zeros\source520\code\pd.Series.replace_map_replace0.py,AttributeError,1
D://crw_data//np.zeros\source73\code\pd.Series.iloc_replace1.py,ValueError,1
D://crw_data//np.zeros\source73\code\pd.Series.iloc_replace3.py,ValueError,1
D://crw_data//np.zeros\source87\code\pd.Series.iloc_replace1.py,ValueError,1
D://crw_data//pd.concat\source1002\code\pd.Series.replace_map_replace0.py,AttributeError,1
D://crw_data//pd.concat\source1054\code\pd.Series.replace_map_replace0.py,AttributeError,1
D://crw_data//pd.concat\source1065\code\pd.DataFrame.apply_where_replace0.py,ValueError,0
D://crw_data//pd.concat\source1118\code\pd.DataFrame.apply_where_replace0.py,ValueError,0
D://crw_data//pd.concat\source1118\code\pd.Series.map_where_replace1.py,ValueError,0
D://crw_data//pd.concat\source1118\code\pd.Series.replace_map_replace0.py,AttributeError,1
D://crw_data//pd.concat\source114\code\pd.Series.replace_map_replace0.py,AttributeError,1
D://crw_data//pd.concat\source195\code\pd.DataFrame.iloc_replace0.py,ValueError,1
D://crw_data//pd.concat\source263\code\pd.Series.replace_map_replace0.py,AttributeError,1
D://crw_data//pd.concat\source350\code\pd.Series.map_where_replace1.py,ValueError,0
D://crw_data//pd.concat\source401\code\pd.Series.str_replace0.py,TypeError,1
D://crw_data//pd.concat\source499\code\pd.Series.map_where_replace1.py,ValueError,0
D://crw_data//pd.concat\source511\code\pd.DataFrame.iloc_replace0.py,TypeError,0
D://crw_data//pd.concat\source571\code\pd.Series.map_where_replace1.py,ValueError,0
D://crw_data//pd.concat\source672\code\np.transpose_column_stack_replace0.py,AttributeError,1
D://crw_data//pd.concat\source707\code\pd.Series.map_replace_replace0.py,TypeError,1
D://crw_data//pd.concat\source759\code\pd.Series.map_replace_replace0.py,AssertionError,0
D://crw_data//pd.concat\source797\code\pd.DataFrame.fillna_replace0.py,AttributeError,0
D://crw_data//pd.concat\source857\code\pd.Series.map_replace_replace0.py,NameError,0
D://crw_data//pd.crosstab\source40\code\pd.DataFrame.apply_where_replace0.py,TypeError,0
D://crw_data//pd.read_csv\source1025\code\pd.DataFrame.fillna_replace0.py,AttributeError,1
D://crw_data//pd.read_csv\source1025\code\pd.DataFrame.fillna_replace1.py,AttributeError,1
D://crw_data//pd.read_csv\source1025\code\pd.DataFrame.fillna_replace2.py,AttributeError,1
D://crw_data//pd.read_csv\source1076\code\pd.Series.map_replace_replace0.py,AttributeError,0
D://crw_data//pd.read_csv\source1089\code\pd.Series.map_replace_replace0.py,NameError,0
D://crw_data//pd.read_csv\source1181\code\pd.DataFrame.fillna_replace0.py,AttributeError,0
D://crw_data//pd.read_csv\source1230\code\pd.DataFrame.iloc_replace0.py,ValueError,1
D://crw_data//pd.read_csv\source1268\code\pd.Series.map_replace_replace0.py,NameError,0
D://crw_data//pd.read_csv\source1268\code\pd.Series.str_replace0.py,TypeError,1
D://crw_data//pd.read_csv\source1451\code\pd.Series.map_replace_replace0.py,AttributeError,0
D://crw_data//pd.read_csv\source1522\code\pd.Series.map_replace_replace0.py,NameError,2
D://crw_data//pd.read_csv\source1523\code\pd.Series.map_replace_replace0.py,AssertionError,0
D://crw_data//pd.read_csv\source1587\code\pd.Series.str_replace0.py,TypeError,1
D://crw_data//pd.read_csv\source1587\code\pd.Series.str_replace1.py,TypeError,1
D://crw_data//pd.read_csv\source1587\code\pd.Series.str_replace2.py,TypeError,1
D://crw_data//pd.read_csv\source1593\code\pd.Series.map_replace_replace0.py,NameError,0
D://crw_data//pd.read_csv\source1618\code\pd.Series.map_replace_replace0.py,AttributeError,0
D://crw_data//pd.read_csv\source1622\code\pd.Series.map_replace_replace0.py,AttributeError,0
D://crw_data//pd.read_csv\source1641\code\pd.Series.map_replace_replace0.py,AttributeError,0
D://crw_data//pd.read_csv\source1685\code\pd.Series.map_replace_replace0.py,AttributeError,0
D://crw_data//pd.read_csv\source1699\code\pd.Series.map_replace_replace0.py,AttributeError,0
D://crw_data//pd.read_csv\source1711\code\pd.Series.map_replace_replace0.py,AttributeError,0
D://crw_data//pd.read_csv\source1713\code\pd.Series.map_replace_replace0.py,AttributeError,0
D://crw_data//pd.read_csv\source1736\code\pd.Series.map_replace_replace0.py,AttributeError,0
D://crw_data//pd.read_csv\source1761\code\np.transpose_column_stack_replace0.py,AttributeError,1
D://crw_data//pd.read_csv\source183\code\pd.Series.map_replace_replace0.py,NameError,1
D://crw_data//pd.read_csv\source1878\code\pd.Series.map_replace_replace0.py,AttributeError,0
D://crw_data//pd.read_csv\source2251\code\pd.DataFrame.fillna_replace0.py,AttributeError,1
D://crw_data//pd.read_csv\source2358\code\pd.Series.map_replace_replace0.py,NameError,0
D://crw_data//pd.read_csv\source2525\code\pd.DataFrame.iloc_replace0.py,ValueError,1
D://crw_data//pd.read_csv\source2528\code\pd.DataFrame.iloc_replace0.py,ValueError,1
D://crw_data//pd.read_csv\source2528\code\pd.DataFrame.iloc_replace1.py,ValueError,1
D://crw_data//pd.read_csv\source2629\code\pd.Series.replace_map_replace0.py,TypeError,1
D://crw_data//pd.read_csv\source2771\code\pd.Series.replace_map_replace0.py,TypeError,1
D://crw_data//pd.read_csv\source2829\code\pd.DataFrame.iloc_replace0.py,ValueError,1
D://crw_data//pd.read_csv\source2829\code\pd.DataFrame.iloc_replace1.py,ValueError,1
D://crw_data//pd.read_csv\source283\code\pd.DataFrame.iloc_replace0.py,ValueError,1
D://crw_data//pd.read_csv\source3006\code\pd.DataFrame.iloc_replace0.py,ValueError,1
D://crw_data//pd.read_csv\source3006\code\pd.DataFrame.iloc_replace1.py,ValueError,1
D://crw_data//pd.read_csv\source3198\code\pd.Series.replace_map_replace0.py,AttributeError,1
D://crw_data//pd.read_csv\source3653\code\pd.Series.replace_map_replace0.py,AttributeError,1
D://crw_data//pd.read_csv\source3772\code\pd.Series.replace_map_replace0.py,AttributeError,1
D://crw_data//pd.read_csv\source40\code\pd.Series.replace_map_replace0.py,AttributeError,1
D://crw_data//pd.read_csv\source4139\code\pd.DataFrame.iloc_replace0.py,TypeError,0
D://crw_data//pd.read_csv\source695\code\pd.DataFrame.fillna_replace0.py,AttributeError,1
D://crw_data//pd.read_csv\source695\code\pd.Series.replace_map_replace0.py,TypeError,1
