https://www.kaggle.com/thamagame/titanic-with-learning-curves,D://crw_data//df.apply\source14,D://crw_data//df.apply\source14\code\pd.DataFrame.ix_replace0.py,"writer.writerow([url,120,""train.ix[:,'Pclass':]"",""train.loc[:,'Pclass':]"",t1,t2,'pd.DataFrame.ix','pd.DataFrame.loc'])"
https://www.kaggle.com/thamagame/titanic-with-learning-curves,D://crw_data//df.apply\source14,D://crw_data//df.apply\source14\code\pd.DataFrame.ix_replace1.py,"writer.writerow([url,121,""test.ix[:,'Pclass':]"",""test.loc[:,'Pclass':]"",t1,t2,'pd.DataFrame.ix','pd.DataFrame.loc'])"
https://www.kaggle.com/thamagame/titanic-with-learning-curves,D://crw_data//df.apply\source14,D://crw_data//df.apply\source14\code\pd.DataFrame.ix_replace2.py,"writer.writerow([url,93,""train.ix[:,'Pclass':]"",""train.loc[:,'Pclass':]"",t1,t2,'pd.DataFrame.ix','pd.DataFrame.loc'])"
https://www.kaggle.com/thamagame/titanic-with-learning-curves,D://crw_data//df.apply\source14,D://crw_data//df.apply\source14\code\pd.DataFrame.ix_replace3.py,"writer.writerow([url,94,""test.ix[:,'Pclass':]"",""test.loc[:,'Pclass':]"",t1,t2,'pd.DataFrame.ix','pd.DataFrame.loc'])"
https://www.kaggle.com/thamagame/titanic-with-learning-curves,D://crw_data//df.apply\source14,D://crw_data//df.apply\source14\code\pd.DataFrame.ix_replace4.py,"writer.writerow([url,154,""train_temp.ix[:,'Pclass':]"",""train_temp.loc[:,'Pclass':]"",t1,t2,'pd.DataFrame.ix','pd.DataFrame.loc'])"
https://www.kaggle.com/thamagame/titanic-with-learning-curves,D://crw_data//df.apply\source14,D://crw_data//df.apply\source14\code\pd.DataFrame.ix_replace5.py,"writer.writerow([url,158,""trainCv_temp.ix[:,'Pclass':]"",""trainCv_temp.loc[:,'Pclass':]"",t1,t2,'pd.DataFrame.ix','pd.DataFrame.loc'])"
https://www.kaggle.com/thamagame/titanic-with-learning-curves,D://crw_data//df.apply\source14,D://crw_data//df.apply\source14\code\pd.DataFrame.ix_replace0.py,"writer.writerow([url,120,""train.ix[:,'Pclass':]"",""train.loc[:,'Pclass':]"",t1,t2,'pd.DataFrame.ix','pd.DataFrame.loc'])"
https://www.kaggle.com/thamagame/titanic-with-learning-curves,D://crw_data//df.apply\source14,D://crw_data//df.apply\source14\code\pd.DataFrame.ix_replace1.py,"writer.writerow([url,121,""test.ix[:,'Pclass':]"",""test.loc[:,'Pclass':]"",t1,t2,'pd.DataFrame.ix','pd.DataFrame.loc'])"
https://www.kaggle.com/naropian/narnar-test,D://crw_data//df.apply\source40,D://crw_data//df.apply\source40\code\pd.DataFrame.ix_replace0.py,"writer.writerow([url,329,""df_train.ix[:,(df_train.columns!='SalePrice')]"",""df_train.loc[:,(df_train.columns!='SalePrice')]"",t1,t2,'pd.DataFrame.ix','pd.DataFrame.loc'])"
https://www.kaggle.com/naropian/narnar-test,D://crw_data//df.apply\source40,D://crw_data//df.apply\source40\code\pd.DataFrame.ix_replace1.py,"writer.writerow([url,359,""df_train.ix[:,(df_train.columns!='SalePrice')]"",""df_train.loc[:,(df_train.columns!='SalePrice')]"",t1,t2,'pd.DataFrame.ix','pd.DataFrame.loc'])"
https://www.kaggle.com/ceshine/pytorch-baseline-model,D://crw_data//df.fillna\source48,D://crw_data//df.fillna\source48\code\pd.DataFrame.loc_replace0.py,"writer.writerow([url,189,""df.loc[df.rankPoints<0,'rankPoints']"",""df.ix[df.rankPoints<0,'rankPoints']"",t1,t2,'pd.DataFrame.loc','pd.DataFrame.ix'])"
https://www.kaggle.com/dollardollar/importance-of-address-features,D://crw_data//df.iloc\source70,D://crw_data//df.iloc\source70\code\pd.DataFrame.loc_replace0.py,"writer.writerow([url,103,""train.loc[:,('Category')]"",""train.ix[:,('Category')]"",t1,t2,'pd.DataFrame.loc','pd.DataFrame.ix'])"
https://www.kaggle.com/dollardollar/importance-of-address-features,D://crw_data//df.iloc\source70,D://crw_data//df.iloc\source70\code\pd.DataFrame.loc_replace1.py,"writer.writerow([url,103,""train.loc[:,('Category')]"",""train.ix[:,('Category')]"",t1,t2,'pd.DataFrame.loc','pd.DataFrame.ix'])"
https://www.kaggle.com/dollardollar/importance-of-address-features,D://crw_data//df.iloc\source70,D://crw_data//df.iloc\source70\code\pd.DataFrame.loc_replace2.py,"writer.writerow([url,104,""fold0.loc[:,('Category')]"",""fold0.ix[:,('Category')]"",t1,t2,'pd.DataFrame.loc','pd.DataFrame.ix'])"
https://www.kaggle.com/dollardollar/importance-of-address-features,D://crw_data//df.iloc\source70,D://crw_data//df.iloc\source70\code\pd.DataFrame.loc_replace3.py,"writer.writerow([url,104,""fold0.loc[:,('Category')]"",""fold0.ix[:,('Category')]"",t1,t2,'pd.DataFrame.loc','pd.DataFrame.ix'])"
https://www.kaggle.com/dollardollar/importance-of-address-features,D://crw_data//df.iloc\source70,D://crw_data//df.iloc\source70\code\pd.DataFrame.loc_replace4.py,"writer.writerow([url,105,""fold1.loc[:,('Category')]"",""fold1.ix[:,('Category')]"",t1,t2,'pd.DataFrame.loc','pd.DataFrame.ix'])"
https://www.kaggle.com/dollardollar/importance-of-address-features,D://crw_data//df.iloc\source70,D://crw_data//df.iloc\source70\code\pd.DataFrame.loc_replace5.py,"writer.writerow([url,105,""fold1.loc[:,('Category')]"",""fold1.ix[:,('Category')]"",t1,t2,'pd.DataFrame.loc','pd.DataFrame.ix'])"
https://www.kaggle.com/dollardollar/importance-of-address-features,D://crw_data//df.iloc\source70,D://crw_data//df.iloc\source70\code\pd.DataFrame.loc_replace6.py,"writer.writerow([url,196,""data.loc[:,('Address')]"",""data.ix[:,('Address')]"",t1,t2,'pd.DataFrame.loc','pd.DataFrame.ix'])"
https://www.kaggle.com/wawanco/data-ownership-numeric-features,D://crw_data//df.apply\source23,D://crw_data//df.apply\source23\code\pd.DataFrame.loc_replace0.py,"writer.writerow([url,27,""train.loc[:,(train.dtypes=='int64')]"",""train.ix[:,(train.dtypes=='int64')]"",t1,t2,'pd.DataFrame.loc','pd.DataFrame.ix'])"
https://www.kaggle.com/wawanco/data-ownership-numeric-features,D://crw_data//df.apply\source23,D://crw_data//df.apply\source23\code\pd.DataFrame.loc_replace1.py,"writer.writerow([url,42,""train.loc[:,(train.dtypes=='int64')]"",""train.ix[:,(train.dtypes=='int64')]"",t1,t2,'pd.DataFrame.loc','pd.DataFrame.ix'])"
https://www.kaggle.com/wawanco/data-ownership-numeric-features,D://crw_data//df.apply\source23,D://crw_data//df.apply\source23\code\pd.DataFrame.loc_replace2.py,"writer.writerow([url,57,""train.loc[:,(train.dtypes=='int64')]"",""train.ix[:,(train.dtypes=='int64')]"",t1,t2,'pd.DataFrame.loc','pd.DataFrame.ix'])"
https://www.kaggle.com/wawanco/data-ownership-numeric-features,D://crw_data//df.apply\source23,D://crw_data//df.apply\source23\code\pd.DataFrame.loc_replace3.py,"writer.writerow([url,72,""train.loc[:,(train.dtypes=='int64')]"",""train.ix[:,(train.dtypes=='int64')]"",t1,t2,'pd.DataFrame.loc','pd.DataFrame.ix'])"
https://www.kaggle.com/wawanco/data-ownership-numeric-features,D://crw_data//df.apply\source23,D://crw_data//df.apply\source23\code\pd.DataFrame.loc_replace4.py,"writer.writerow([url,87,""train.loc[:,(train.dtypes=='int64')]"",""train.ix[:,(train.dtypes=='int64')]"",t1,t2,'pd.DataFrame.loc','pd.DataFrame.ix'])"
https://www.kaggle.com/wawanco/data-ownership-numeric-features,D://crw_data//df.apply\source23,D://crw_data//df.apply\source23\code\pd.DataFrame.loc_replace5.py,"writer.writerow([url,102,""train.loc[:,(train.dtypes=='int64')]"",""train.ix[:,(train.dtypes=='int64')]"",t1,t2,'pd.DataFrame.loc','pd.DataFrame.ix'])"
https://www.kaggle.com/wawanco/data-ownership-numeric-features,D://crw_data//df.apply\source23,D://crw_data//df.apply\source23\code\pd.DataFrame.loc_replace6.py,"writer.writerow([url,116,""train.loc[:,(train.dtypes=='int64')]"",""train.ix[:,(train.dtypes=='int64')]"",t1,t2,'pd.DataFrame.loc','pd.DataFrame.ix'])"
https://www.kaggle.com/wawanco/data-ownership-numeric-features,D://crw_data//df.apply\source23,D://crw_data//df.apply\source23\code\pd.DataFrame.loc_replace7.py,"writer.writerow([url,130,""train.loc[train.VAR_1174==0,'VAR_1174']"",""train.ix[train.VAR_1174==0,'VAR_1174']"",t1,t2,'pd.DataFrame.loc','pd.DataFrame.ix'])"
https://www.kaggle.com/nishadi/breeds,D://crw_data//np.append\source30,D://crw_data//np.append\source30\code\pd.DataFrame.loc_replace0.py,"writer.writerow([url,23,""df.loc[df['AnimalType']=='Dog',feature]"",""df.ix[df['AnimalType']=='Dog',feature]"",t1,t2,'pd.DataFrame.loc','pd.DataFrame.ix'])"
https://www.kaggle.com/nishadi/breeds,D://crw_data//np.append\source30,D://crw_data//np.append\source30\code\pd.DataFrame.loc_replace1.py,"writer.writerow([url,25,""df.loc[df['AnimalType']=='Dog','OutcomeType']"",""df.ix[df['AnimalType']=='Dog','OutcomeType']"",t1,t2,'pd.DataFrame.loc','pd.DataFrame.ix'])"
https://www.kaggle.com/ceshine/pytorch-baseline-model,D://crw_data//df.fillna\source48,D://crw_data//df.fillna\source48\code\pd.DataFrame.loc_replace0.py,"writer.writerow([url,189,""df.loc[df.rankPoints<0,'rankPoints']"",""df.ix[df.rankPoints<0,'rankPoints']"",t1,t2,'pd.DataFrame.loc','pd.DataFrame.ix'])"
https://www.kaggle.com/dollardollar/importance-of-address-features,D://crw_data//df.iloc\source70,D://crw_data//df.iloc\source70\code\pd.DataFrame.loc_replace0.py,"writer.writerow([url,103,""train.loc[:,('Category')]"",""train.ix[:,('Category')]"",t1,t2,'pd.DataFrame.loc','pd.DataFrame.ix'])"
https://www.kaggle.com/dollardollar/importance-of-address-features,D://crw_data//df.iloc\source70,D://crw_data//df.iloc\source70\code\pd.DataFrame.loc_replace1.py,"writer.writerow([url,103,""train.loc[:,('Category')]"",""train.ix[:,('Category')]"",t1,t2,'pd.DataFrame.loc','pd.DataFrame.ix'])"
https://www.kaggle.com/dollardollar/importance-of-address-features,D://crw_data//df.iloc\source70,D://crw_data//df.iloc\source70\code\pd.DataFrame.loc_replace2.py,"writer.writerow([url,104,""fold0.loc[:,('Category')]"",""fold0.ix[:,('Category')]"",t1,t2,'pd.DataFrame.loc','pd.DataFrame.ix'])"
https://www.kaggle.com/dollardollar/importance-of-address-features,D://crw_data//df.iloc\source70,D://crw_data//df.iloc\source70\code\pd.DataFrame.loc_replace3.py,"writer.writerow([url,104,""fold0.loc[:,('Category')]"",""fold0.ix[:,('Category')]"",t1,t2,'pd.DataFrame.loc','pd.DataFrame.ix'])"
https://www.kaggle.com/dollardollar/importance-of-address-features,D://crw_data//df.iloc\source70,D://crw_data//df.iloc\source70\code\pd.DataFrame.loc_replace4.py,"writer.writerow([url,105,""fold1.loc[:,('Category')]"",""fold1.ix[:,('Category')]"",t1,t2,'pd.DataFrame.loc','pd.DataFrame.ix'])"
https://www.kaggle.com/dollardollar/importance-of-address-features,D://crw_data//df.iloc\source70,D://crw_data//df.iloc\source70\code\pd.DataFrame.loc_replace5.py,"writer.writerow([url,105,""fold1.loc[:,('Category')]"",""fold1.ix[:,('Category')]"",t1,t2,'pd.DataFrame.loc','pd.DataFrame.ix'])"
https://www.kaggle.com/dollardollar/importance-of-address-features,D://crw_data//df.iloc\source70,D://crw_data//df.iloc\source70\code\pd.DataFrame.loc_replace6.py,"writer.writerow([url,196,""data.loc[:,('Address')]"",""data.ix[:,('Address')]"",t1,t2,'pd.DataFrame.loc','pd.DataFrame.ix'])"
https://www.kaggle.com/wawanco/data-ownership-numeric-features,D://crw_data//df.apply\source23,D://crw_data//df.apply\source23\code\pd.DataFrame.loc_replace0.py,"writer.writerow([url,27,""train.loc[:,(train.dtypes=='int64')]"",""train.ix[:,(train.dtypes=='int64')]"",t1,t2,'pd.DataFrame.loc','pd.DataFrame.ix'])"
https://www.kaggle.com/wawanco/data-ownership-numeric-features,D://crw_data//df.apply\source23,D://crw_data//df.apply\source23\code\pd.DataFrame.loc_replace1.py,"writer.writerow([url,42,""train.loc[:,(train.dtypes=='int64')]"",""train.ix[:,(train.dtypes=='int64')]"",t1,t2,'pd.DataFrame.loc','pd.DataFrame.ix'])"
https://www.kaggle.com/wawanco/data-ownership-numeric-features,D://crw_data//df.apply\source23,D://crw_data//df.apply\source23\code\pd.DataFrame.loc_replace2.py,"writer.writerow([url,57,""train.loc[:,(train.dtypes=='int64')]"",""train.ix[:,(train.dtypes=='int64')]"",t1,t2,'pd.DataFrame.loc','pd.DataFrame.ix'])"
https://www.kaggle.com/wawanco/data-ownership-numeric-features,D://crw_data//df.apply\source23,D://crw_data//df.apply\source23\code\pd.DataFrame.loc_replace3.py,"writer.writerow([url,72,""train.loc[:,(train.dtypes=='int64')]"",""train.ix[:,(train.dtypes=='int64')]"",t1,t2,'pd.DataFrame.loc','pd.DataFrame.ix'])"
https://www.kaggle.com/wawanco/data-ownership-numeric-features,D://crw_data//df.apply\source23,D://crw_data//df.apply\source23\code\pd.DataFrame.loc_replace4.py,"writer.writerow([url,87,""train.loc[:,(train.dtypes=='int64')]"",""train.ix[:,(train.dtypes=='int64')]"",t1,t2,'pd.DataFrame.loc','pd.DataFrame.ix'])"
https://www.kaggle.com/wawanco/data-ownership-numeric-features,D://crw_data//df.apply\source23,D://crw_data//df.apply\source23\code\pd.DataFrame.loc_replace5.py,"writer.writerow([url,102,""train.loc[:,(train.dtypes=='int64')]"",""train.ix[:,(train.dtypes=='int64')]"",t1,t2,'pd.DataFrame.loc','pd.DataFrame.ix'])"
https://www.kaggle.com/wawanco/data-ownership-numeric-features,D://crw_data//df.apply\source23,D://crw_data//df.apply\source23\code\pd.DataFrame.loc_replace6.py,"writer.writerow([url,116,""train.loc[:,(train.dtypes=='int64')]"",""train.ix[:,(train.dtypes=='int64')]"",t1,t2,'pd.DataFrame.loc','pd.DataFrame.ix'])"
https://www.kaggle.com/wawanco/data-ownership-numeric-features,D://crw_data//df.apply\source23,D://crw_data//df.apply\source23\code\pd.DataFrame.loc_replace7.py,"writer.writerow([url,130,""train.loc[train.VAR_1174==0,'VAR_1174']"",""train.ix[train.VAR_1174==0,'VAR_1174']"",t1,t2,'pd.DataFrame.loc','pd.DataFrame.ix'])"
https://www.kaggle.com/marbel/keras-dummy-vars,D://crw_data//df.apply\source25,D://crw_data//df.apply\source25\code\np.array_concatenate_replace0.py,"writer.writerow([url,85,'np.array(train_values)','np.concatenate([train_values])',t1,t2,'np.array','np.concatenate'])"
https://www.kaggle.com/aawadall/deep-neural-net,D://crw_data//df.astype\source2,D://crw_data//df.astype\source2\code\np.array_concatenate_replace0.py,"writer.writerow([url,291,""np.array(train_raw['label'])"",""np.concatenate([train_raw['label']])"",t1,t2,'np.array','np.concatenate'])"
https://www.kaggle.com/marbel/keras-dummy-vars,D://crw_data//df.apply\source25,D://crw_data//df.apply\source25\code\np.array_hstack_replace0.py,"writer.writerow([url,85,'np.array(train_values)','np.hstack((train_values))',t1,t2,'np.array','np.hstack'])"
https://www.kaggle.com/aawadall/deep-neural-net,D://crw_data//df.astype\source2,D://crw_data//df.astype\source2\code\np.array_hstack_replace0.py,"writer.writerow([url,291,""np.array(train_raw['label'])"",""np.hstack((train_raw['label']))"",t1,t2,'np.array','np.hstack'])"
https://www.kaggle.com/plantsgo/solution-public-0-471-private-0-505,D://crw_data//df.iloc\source62,D://crw_data//df.iloc\source62\code\np.array_hstack_replace0.py,"writer.writerow([url,225,'np.array(a)','np.hstack((a))',t1,t2,'np.array','np.hstack'])"
https://www.kaggle.com/ogrellier/multi-core-aggregations,D://crw_data//df.iloc\source65,D://crw_data//df.iloc\source65\code\np.array_hstack_replace0.py,"writer.writerow([url,211,'np.array([class_weight[k]forkinsorted(class_weight.keys())])','np.hstack(([class_weight[k]forkinsorted(class_weight.keys())]))',t1,t2,'np.array','np.hstack'])"
https://www.kaggle.com/ogrellier/multi-core-aggregations,D://crw_data//df.iloc\source65,D://crw_data//df.iloc\source65\code\np.array_hstack_replace1.py,"writer.writerow([url,279,'np.array([class_weight[k]forkinsorted(class_weight.keys())])','np.hstack(([class_weight[k]forkinsorted(class_weight.keys())]))',t1,t2,'np.array','np.hstack'])"
https://www.kaggle.com/drarfc/script-competition-facebook-v-2-1,D://crw_data//df.loc\source106,D://crw_data//df.loc\source106\code\np.column_stack_vstack_replace0.py,"writer.writerow([url,163,'np.column_stack((row_ids,pred_labels))','np.vstack((row_ids.T,pred_labels.T)).T',t1,t2,'np.column_stack','np.vstack'])"
https://www.kaggle.com/aawadall/deep-neural-net,D://crw_data//df.astype\source2,D://crw_data//df.astype\source2\code\np.linalg.norm_replace0.py,"writer.writerow([url,382,'np.linalg.norm(filter1)','np.sqrt(np.square(filter1).sum())',t1,t2,'np.linalg.norm','np.sqrt_sum'])"
https://www.kaggle.com/ceshine/pytorch-baseline-model,D://crw_data//df.fillna\source48,D://crw_data//df.fillna\source48\code\np.ndarray.sum_einsum_replace0.py,"writer.writerow([url,47,'df.memory_usage().sum()',""np.einsum('i->',df.memory_usage())"",t1,t2,'np.ndarray.sum','np.einsum'])"
https://www.kaggle.com/sunfulv1/nmsz1816010,D://crw_data//np.arange\source120,D://crw_data//np.arange\source120\code\np.ndarray.sum_einsum_replace0.py,"writer.writerow([url,49,'tmp_df[cols_s_].sum(axis=1)',""np.einsum('ij->i',tmp_df[cols_s_])"",t1,t2,'np.ndarray.sum','np.einsum'])"
https://www.kaggle.com/jonmanly/first-fit-algorithm-two-pass-lb-31907-53,D://crw_data//np.array\source313,D://crw_data//np.array\source313\code\np.ndarray.sum_einsum_replace0.py,"writer.writerow([url,60,'np.array([gift_weight(x)forxinbag]).sum()',""np.einsum('i->',np.array([gift_weight(x)forxinbag]))"",t1,t2,'np.ndarray.sum','np.einsum'])"
https://www.kaggle.com/inderpartap15/recurrence-relation,D://crw_data//np.array\source474,D://crw_data//np.array\source474\code\np.ndarray.sum_einsum_replace0.py,"writer.writerow([url,93,'np.sum(coeffs*np.array(seq[i-order:i]))',""np.einsum('i->',np)"",t1,t2,'np.ndarray.sum','np.einsum'])"
https://www.kaggle.com/lkirch/testingrossmanndata-ipynb,D://crw_data//df.fillna\source44,D://crw_data//df.fillna\source44\code\np.ndarray.sum_einsum_replace1.py,"writer.writerow([url,96,'test_df.isnull().sum().sum()',""np.einsum('i->',test_df.isnull().sum())"",t1,t2,'np.ndarray.sum','np.einsum'])"
https://www.kaggle.com/ceshine/pytorch-baseline-model,D://crw_data//df.fillna\source48,D://crw_data//df.fillna\source48\code\np.ndarray.sum_einsum_replace1.py,"writer.writerow([url,72,'df.memory_usage().sum()',""np.einsum('i->',df.memory_usage())"",t1,t2,'np.ndarray.sum','np.einsum'])"
https://www.kaggle.com/heaviside9/sklearn-linear-regression-benchmark,D://crw_data//np.arange\source311,D://crw_data//np.arange\source311\code\np.ones_empty_replace0.py,"writer.writerow([url,22,'np.ones((n,))','np.empty((n,));r2.fill(1)',t1,t2,'np.ones','np.empty'])"
https://www.kaggle.com/aawadall/deep-neural-net,D://crw_data//df.astype\source2,D://crw_data//df.astype\source2\code\np.sumcount_nonzero_replace0.py,"writer.writerow([url,460,'np.sum((y_hat==y_star)*y_star*1)','np.count_nonzero((y_hat==y_star)*y_star*1)',t1,t2,'np.sum','np.count_nonzero'])"
https://www.kaggle.com/aawadall/deep-neural-net,D://crw_data//df.astype\source2,D://crw_data//df.astype\source2\code\np.sumcount_nonzero_replace1.py,"writer.writerow([url,461,'np.sum((y_hat==y_star)*(1-y_star)*1)','np.count_nonzero((y_hat==y_star)*(1-y_star)*1)',t1,t2,'np.sum','np.count_nonzero'])"
https://www.kaggle.com/aawadall/deep-neural-net,D://crw_data//df.astype\source2,D://crw_data//df.astype\source2\code\np.sumcount_nonzero_replace2.py,"writer.writerow([url,462,'np.sum((y_hat==1-y_star)*(1-y_star)*1)','np.count_nonzero((y_hat==1-y_star)*(1-y_star)*1)',t1,t2,'np.sum','np.count_nonzero'])"
https://www.kaggle.com/aawadall/deep-neural-net,D://crw_data//df.astype\source2,D://crw_data//df.astype\source2\code\np.sumcount_nonzero_replace3.py,"writer.writerow([url,463,'np.sum((y_hat==1-y_star)*y_star*1)','np.count_nonzero((y_hat==1-y_star)*y_star*1)',t1,t2,'np.sum','np.count_nonzero'])"
https://www.kaggle.com/thamagame/titanic-with-learning-curves,D://crw_data//df.apply\source14,D://crw_data//df.apply\source14\code\np.ndarray.sum_count_nonzero_replace0.py,"writer.writerow([url,73,'dataFrame.isnull().sum()','np.count_nonzero(dataFrame.isnull(),)',t1,t2,'np.ndarray.sum','np.count_nonzero'])"
https://www.kaggle.com/hbajaj/nyc-taxi-fare-rfr-script,D://crw_data//df.apply\source37,D://crw_data//df.apply\source37\code\np.ndarray.sum_count_nonzero_replace0.py,"writer.writerow([url,209,'df.isnull().sum()','np.count_nonzero(df.isnull(),)',t1,t2,'np.ndarray.sum','np.count_nonzero'])"
https://www.kaggle.com/lkirch/testingrossmanndata-ipynb,D://crw_data//df.fillna\source44,D://crw_data//df.fillna\source44\code\np.ndarray.sum_count_nonzero_replace0.py,"writer.writerow([url,96,'test_df.isnull().sum()','np.count_nonzero(test_df.isnull(),)',t1,t2,'np.ndarray.sum','np.count_nonzero'])"
https://www.kaggle.com/gcshekar08/testing-without-correcting-the-data-leakage,D://crw_data//df.iloc\source20,D://crw_data//df.iloc\source20\code\np.ndarray.sum_count_nonzero_replace1.py,"writer.writerow([url,42,'df.iloc[:,a:].sum(1)','np.count_nonzero(df.iloc[:,a:],1)',t1,t2,'np.ndarray.sum','np.count_nonzero'])"
https://www.kaggle.com/ogrellier/multi-core-aggregations,D://crw_data//df.iloc\source65,D://crw_data//df.iloc\source65\code\np.ndarray.sum_count_nonzero_replace0.py,"writer.writerow([url,207,'y_ohe.sum(axis=0)','np.count_nonzero(y_ohe,axis=0)',t1,t2,'np.ndarray.sum','np.count_nonzero'])"
https://www.kaggle.com/sunfulv1/nmsz1816010,D://crw_data//np.arange\source120,D://crw_data//np.arange\source120\code\np.ndarray.sum_count_nonzero_replace0.py,"writer.writerow([url,49,'tmp_df[cols_s_].sum(axis=1)','np.count_nonzero(tmp_df[cols_s_],axis=1)',t1,t2,'np.ndarray.sum','np.count_nonzero'])"
https://www.kaggle.com/lkirch/testingrossmanndata-ipynb,D://crw_data//df.fillna\source44,D://crw_data//df.fillna\source44\code\np.ndarray.sum_count_nonzero_replace1.py,"writer.writerow([url,96,'test_df.isnull().sum().sum()','np.count_nonzero(test_df.isnull().sum(),)',t1,t2,'np.ndarray.sum','np.count_nonzero'])"
https://www.kaggle.com/mikeskim/logmean-imputation,D://crw_data//df.apply\source13,D://crw_data//df.apply\source13\code\np.sum_einsum_replace0.py,"writer.writerow([url,34,'np.sum(np.isnan(x))',""np.einsum('i->',np.isnan(x))"",t1,t2,'np.sum','np.einsum'])"
https://www.kaggle.com/chechir/export-feats-kernel,D://crw_data//df.apply\source42,D://crw_data//df.apply\source42\code\np.sum_einsum_replace1.py,"writer.writerow([url,49,'np.sum(shared_weights)',""np.einsum('i->',shared_weights)"",t1,t2,'np.sum','np.einsum'])"
https://www.kaggle.com/aawadall/deep-neural-net,D://crw_data//df.astype\source2,D://crw_data//df.astype\source2\code\np.sum_einsum_replace0.py,"writer.writerow([url,74,'np.sum(t,axis=0)',""np.einsum('ij->j',t)"",t1,t2,'np.sum','np.einsum'])"
https://www.kaggle.com/azuralrainbow/summer,D://crw_data//df.fillna\source33,D://crw_data//df.fillna\source33\code\np.sum_einsum_replace0.py,"writer.writerow([url,29,'np.sum(probs**2)',""np.einsum('i->',probs**2)"",t1,t2,'np.sum','np.einsum'])"
https://www.kaggle.com/aawadall/deep-neural-net,D://crw_data//df.astype\source2,D://crw_data//df.astype\source2\code\np.sum_einsum_replace2.py,"writer.writerow([url,459,'np.sum((1-np.abs(y_star-y_hat))*y_star)',""np.einsum('i->',(1-np.abs(y_star-y_hat))*y_star)"",t1,t2,'np.sum','np.einsum'])"
https://www.kaggle.com/plantsgo/solution-public-0-471-private-0-505,D://crw_data//df.iloc\source62,D://crw_data//df.iloc\source62\code\np.sum_einsum_replace1.py,"writer.writerow([url,253,'np.sum(pr*weight)',""np.einsum('i->',pr*weight)"",t1,t2,'np.sum','np.einsum'])"
https://www.kaggle.com/thamagame/titanic-with-learning-curves,D://crw_data//df.apply\source14,D://crw_data//df.apply\source14\code\np.ndarray.sum_np.sum_replace0.py,"writer.writerow([url,73,'dataFrame.isnull().sum()','np.sum(dataFrame.isnull(),)',t1,t2,'np.ndarray.sum','np.sum'])"
https://www.kaggle.com/hbajaj/nyc-taxi-fare-rfr-script,D://crw_data//df.apply\source37,D://crw_data//df.apply\source37\code\np.ndarray.sum_np.sum_replace0.py,"writer.writerow([url,209,'df.isnull().sum()','np.sum(df.isnull(),)',t1,t2,'np.ndarray.sum','np.sum'])"
https://www.kaggle.com/lkirch/testingrossmanndata-ipynb,D://crw_data//df.fillna\source44,D://crw_data//df.fillna\source44\code\np.ndarray.sum_np.sum_replace0.py,"writer.writerow([url,96,'test_df.isnull().sum()','np.sum(test_df.isnull(),)',t1,t2,'np.ndarray.sum','np.sum'])"
https://www.kaggle.com/ceshine/pytorch-baseline-model,D://crw_data//df.fillna\source48,D://crw_data//df.fillna\source48\code\np.ndarray.sum_np.sum_replace0.py,"writer.writerow([url,47,'df.memory_usage().sum()','np.sum(df.memory_usage(),)',t1,t2,'np.ndarray.sum','np.sum'])"
https://www.kaggle.com/gcshekar08/testing-without-correcting-the-data-leakage,D://crw_data//df.iloc\source20,D://crw_data//df.iloc\source20\code\np.ndarray.sum_np.sum_replace0.py,"writer.writerow([url,44,'df.iloc[:,a:b].sum(1)','np.sum(df.iloc[:,a:b],1)',t1,t2,'np.ndarray.sum','np.sum'])"
https://www.kaggle.com/ymatioun/lightgbm-v1,D://crw_data//df.iloc\source30,D://crw_data//df.iloc\source30\code\np.ndarray.sum_np.sum_replace0.py,"writer.writerow([url,69,'df.sum(axis=0)','np.sum(df,axis=0)',t1,t2,'np.ndarray.sum','np.sum'])"
https://www.kaggle.com/ogrellier/multi-core-aggregations,D://crw_data//df.iloc\source65,D://crw_data//df.iloc\source65\code\np.ndarray.sum_np.sum_replace0.py,"writer.writerow([url,207,'y_ohe.sum(axis=0)','np.sum(y_ohe,axis=0)',t1,t2,'np.ndarray.sum','np.sum'])"
https://www.kaggle.com/mikeskim/logmean-imputation,D://crw_data//df.apply\source13,D://crw_data//df.apply\source13\code\np.sum_sum_replace0.py,"writer.writerow([url,34,'np.sum(np.isnan(x))','(np.isnan(x)).sum()',t1,t2,'np.sum','np.einsum'])"
https://www.kaggle.com/aawadall/deep-neural-net,D://crw_data//df.astype\source2,D://crw_data//df.astype\source2\code\np.sum_sum_replace0.py,"writer.writerow([url,74,'np.sum(t,axis=0)','(t).sum(axis=0)',t1,t2,'np.sum','np.ndarray.sum'])"
https://www.kaggle.com/aawadall/deep-neural-net,D://crw_data//df.astype\source2,D://crw_data//df.astype\source2\code\np.sum_sum_replace1.py,"writer.writerow([url,96,'np.sum(logprobs)','(logprobs).sum()',t1,t2,'np.sum','np.ndarray.sum'])"
https://www.kaggle.com/azuralrainbow/summer,D://crw_data//df.fillna\source33,D://crw_data//df.fillna\source33\code\np.sum_sum_replace0.py,"writer.writerow([url,29,'np.sum(probs**2)','(probs**2).sum()',t1,t2,'np.sum','np.ndarray.sum'])"
https://www.kaggle.com/inderpartap15/recurrence-relation,D://crw_data//np.array\source474,D://crw_data//np.array\source474\code\np.sum_sum_replace0.py,"writer.writerow([url,93,'np.sum(coeffs*np.array(seq[i-order:i]))','(coeffs*np.array(seq[i-order:i])).sum()',t1,t2,'np.sum','np.ndarray.sum'])"
https://www.kaggle.com/nishadi/breeds,D://crw_data//np.append\source30,D://crw_data//np.append\source30\code\np.where_nonzero_replace0.py,"writer.writerow([url,213,'np.where(breeds_group[:,(0)]==i)','np.nonzero(breeds_group[:,(0)]==i)',t1,t2,'np.where','np.nonzero'])"
https://www.kaggle.com/nishadi/breeds,D://crw_data//np.append\source30,D://crw_data//np.append\source30\code\np.where_nonzero_replace1.py,"writer.writerow([url,173,'np.where(breeds_group[:,(0)]==breed)','np.nonzero(breeds_group[:,(0)]==breed)',t1,t2,'np.where','np.nonzero'])"
https://www.kaggle.com/nishadi/breeds,D://crw_data//np.append\source30,D://crw_data//np.append\source30\code\np.where_nonzero_replace2.py,"writer.writerow([url,137,'np.where(breeds_group[:,(0)]==j)','np.nonzero(breeds_group[:,(0)]==j)',t1,t2,'np.where','np.nonzero'])"
https://www.kaggle.com/nishadi/breeds,D://crw_data//np.append\source30,D://crw_data//np.append\source30\code\np.where_nonzero_replace3.py,"writer.writerow([url,99,'np.where(breeds_group[:,(0)]==breed)','np.nonzero(breeds_group[:,(0)]==breed)',t1,t2,'np.where','np.nonzero'])"
https://www.kaggle.com/lancerts/combined,D://crw_data//np.array\source1007,D://crw_data//np.array\source1007\code\np.where_nonzero_replace4.py,"writer.writerow([url,579,'np.where(queries[:10158]==q)','np.nonzero(queries[:10158]==q)',t1,t2,'np.where','np.nonzero'])"
https://www.kaggle.com/lancerts/combined,D://crw_data//np.array\source1007,D://crw_data//np.array\source1007\code\np.where_nonzero_replace5.py,"writer.writerow([url,581,'np.where(queries[10158:]==q)','np.nonzero(queries[10158:]==q)',t1,t2,'np.where','np.nonzero'])"
https://www.kaggle.com/yekenot/toxic-regression,D://crw_data//df.fillna\source3,D://crw_data//df.fillna\source3\code\np.zeros_empty_replace0.py,"writer.writerow([url,51,'np.zeros((test.shape[0],len(col)))','np.empty((test.shape[0],len(col)));r2[:]=0',t1,t2,'np.zeros','np.empty'])"
https://www.kaggle.com/ymatioun/lightgbm-v1,D://crw_data//df.iloc\source30,D://crw_data//df.iloc\source30\code\np.zeros_empty_replace0.py,"writer.writerow([url,101,'np.zeros([len_train])','np.empty([len_train]);r2[:]=0',t1,t2,'np.zeros','np.empty'])"
https://www.kaggle.com/ymatioun/hoh-only-scaled,D://crw_data//df.iloc\source31,D://crw_data//df.iloc\source31\code\np.zeros_empty_replace0.py,"writer.writerow([url,98,'np.zeros([len_train])','np.empty([len_train]);r2[:]=0',t1,t2,'np.zeros','np.empty'])"
https://www.kaggle.com/ogrellier/multi-core-aggregations,D://crw_data//df.iloc\source65,D://crw_data//df.iloc\source65\code\np.zeros_empty_replace0.py,"writer.writerow([url,397,'np.zeros((len(df),np.unique(y).shape[0]))','np.empty((len(df),np.unique(y).shape[0]));r2[:]=0',t1,t2,'np.zeros','np.empty'])"
https://www.kaggle.com/dollardollar/importance-of-address-features,D://crw_data//df.iloc\source70,D://crw_data//df.iloc\source70\code\np.zeros_empty_replace0.py,"writer.writerow([url,199,'np.zeros(merged_data.shape)','np.empty(merged_data.shape);r2[:]=0',t1,t2,'np.zeros','np.empty'])"
https://www.kaggle.com/srogovtsev/a-simple-demo-of-sklearn-pipelines,D://crw_data//df.iloc\source79,D://crw_data//df.iloc\source79\code\np.zeros_empty_replace0.py,"writer.writerow([url,56,'np.zeros((M.shape[0],self.columns_-M.shape[1]),dtype=M.dtype)','np.empty((M.shape[0],self.columns_-M.shape[1]),dtype=M.dtype);r2[:]=0',t1,t2,'np.zeros','np.empty'])"
https://www.kaggle.com/brandao/test-6,D://crw_data//df.apply\source107,D://crw_data//df.apply\source107\code\pd.DataFrame.apply_where_replace1.py,"writer.writerow([url,26,""df.apply(lambdarow:row['shot_distance']ifrow['shot_distance']<45else\t45,axis=1)"",""df['shot_distance'].apply(lambdarow:rowifrow<45else45)"",t1,t2,'pd.DataFrame.apply','pd.Series.apply'])"
https://www.kaggle.com/brandao/test-6,D://crw_data//df.apply\source107,D://crw_data//df.apply\source107\code\pd.DataFrame.apply_where_replace2.py,"writer.writerow([url,29,""df.apply(lambdarow:1ifrow['time_remaining']<3else0,axis=1)"",""df['time_remaining'].apply(lambdarow:1ifrow<3else0)"",t1,t2,'pd.DataFrame.apply','pd.Series.apply'])"
https://www.kaggle.com/brandao/test-6,D://crw_data//df.apply\source107,D://crw_data//df.apply\source107\code\pd.DataFrame.apply_where_replace1.py,"writer.writerow([url,26,""df.apply(lambdarow:row['shot_distance']ifrow['shot_distance']<45else\t45,axis=1)"",""df['shot_distance'].apply(lambdarow:rowifrow<45else45)"",t1,t2,'pd.DataFrame.apply','pd.Series.apply'])"
https://www.kaggle.com/brandao/test-6,D://crw_data//df.apply\source107,D://crw_data//df.apply\source107\code\pd.DataFrame.apply_where_replace2.py,"writer.writerow([url,29,""df.apply(lambdarow:1ifrow['time_remaining']<3else0,axis=1)"",""df['time_remaining'].apply(lambdarow:1ifrow<3else0)"",t1,t2,'pd.DataFrame.apply','pd.Series.apply'])"
https://www.kaggle.com/marbel/keras-dummy-vars,D://crw_data//df.apply\source25,D://crw_data//df.apply\source25\code\pd.DataFrame.fillna_replace0.py,"writer.writerow([url,67,""train.fillna('NA')"",""train.combine_first(train.applymap(lambdax:'NA'))"",t1,t2,'pd.DataFrame.fillna','pd.DataFrame.combine_first'])"
https://www.kaggle.com/marbel/keras-dummy-vars,D://crw_data//df.apply\source25,D://crw_data//df.apply\source25\code\pd.DataFrame.fillna_replace1.py,"writer.writerow([url,68,""test.fillna('NA')"",""test.combine_first(test.applymap(lambdax:'NA'))"",t1,t2,'pd.DataFrame.fillna','pd.DataFrame.combine_first'])"
https://www.kaggle.com/abhisheksharma26jan/zillowabhishek,D://crw_data//df.fillna\source13,D://crw_data//df.fillna\source13\code\pd.DataFrame.fillna_replace1.py,"writer.writerow([url,269,'df.fillna(-1.0)','df.combine_first(df.applymap(lambdax:-1.0))',t1,t2,'pd.DataFrame.fillna','pd.DataFrame.combine_first'])"
https://www.kaggle.com/gcshekar08/testing-without-correcting-the-data-leakage,D://crw_data//df.iloc\source20,D://crw_data//df.iloc\source20\code\pd.Series.iloc_replace0.py,"writer.writerow([url,44,'df.iloc[:,a:b]','df.iat[:,a:b]',t1,t2,'pd.Series.iloc','pd.Series.iat'])"
https://www.kaggle.com/gcshekar08/testing-without-correcting-the-data-leakage,D://crw_data//df.iloc\source20,D://crw_data//df.iloc\source20\code\pd.Series.iloc_replace1.py,"writer.writerow([url,42,'df.iloc[:,a:]','df.iat[:,a:]',t1,t2,'pd.Series.iloc','pd.Series.iat'])"
https://www.kaggle.com/ymatioun/lightgbm-v1,D://crw_data//df.iloc\source30,D://crw_data//df.iloc\source30\code\pd.Series.iloc_replace0.py,"writer.writerow([url,105,'df.iloc[train_idx]','df.iat[train_idx]',t1,t2,'pd.Series.iloc','pd.Series.iat'])"
https://www.kaggle.com/ymatioun/hoh-only-scaled,D://crw_data//df.iloc\source31,D://crw_data//df.iloc\source31\code\pd.Series.iloc_replace0.py,"writer.writerow([url,102,'merged_df.iloc[train_idx]','merged_df.iat[train_idx]',t1,t2,'pd.Series.iloc','pd.Series.iat'])"
https://www.kaggle.com/kvaradi94/masodik-feladat,D://crw_data//df.iloc\source60,D://crw_data//df.iloc\source60\code\pd.Series.iloc_replace0.py,"writer.writerow([url,15,'df.iloc[:,(i)]','df.iat[:,(i)]',t1,t2,'pd.Series.iloc','pd.Series.iat'])"
https://www.kaggle.com/ogrellier/multi-core-aggregations,D://crw_data//df.iloc\source65,D://crw_data//df.iloc\source65\code\pd.Series.iloc_replace0.py,"writer.writerow([url,401,'df.iloc[trn_]','df.iat[trn_]',t1,t2,'pd.Series.iloc','pd.Series.iat'])"
https://www.kaggle.com/dollardollar/importance-of-address-features,D://crw_data//df.iloc\source70,D://crw_data//df.iloc\source70\code\pd.Series.iloc_replace0.py,"writer.writerow([url,65,'shuffle(fold0,random_state=123).iloc[0:300000,:]','shuffle(fold0,random_state=123).iat[0:300000,:]',t1,t2,'pd.Series.iloc','pd.Series.iat'])"
https://www.kaggle.com/nikolayburlutskiy/xgboost-in-python-0-83x,D://crw_data//df.iloc\source87,D://crw_data//df.iloc\source87\code\pd.Series.iloc_replace0.py,"writer.writerow([url,92,'train_df.iloc[:,:-1]','train_df.iat[:,:-1]',t1,t2,'pd.Series.iloc','pd.Series.iat'])"
https://www.kaggle.com/xingobar/classify-group,D://crw_data//np.append\source15,D://crw_data//np.append\source15\code\pd.Series.iloc_replace0.py,"writer.writerow([url,100,'ppl.iloc[testset]','ppl.iat[testset]',t1,t2,'pd.Series.iloc','pd.Series.iat'])"
https://www.kaggle.com/arjundatt/trial1,D://crw_data//df.at\source14,D://crw_data//df.at\source14\code\pd.Series.iloc_replace0.py,"writer.writerow([url,42,'df_all.iloc[:num_train]','df_all.iat[:num_train]',t1,t2,'pd.Series.iloc','pd.Series.iat'])"
https://www.kaggle.com/sunfulv1/nmsz1816010,D://crw_data//np.arange\source120,D://crw_data//np.arange\source120\code\pd.Series.iloc_replace0.py,"writer.writerow([url,89,'xx_func.iloc[:train_.shape[0],:]','xx_func.iat[:train_.shape[0],:]',t1,t2,'pd.Series.iloc','pd.Series.iat'])"
https://www.kaggle.com/wangquan/test1,D://crw_data//np.argmax\source76,D://crw_data//np.argmax\source76\code\pd.Series.iloc_replace0.py,"writer.writerow([url,26,'train_test.iloc[:len(y_train)]','train_test.iat[:len(y_train)]',t1,t2,'pd.Series.iloc','pd.Series.iat'])"
https://www.kaggle.com/darrellulm/feature-elimination-another-test-run,D://crw_data//np.array\source1124,D://crw_data//np.array\source1124\code\pd.Series.iloc_replace0.py,"writer.writerow([url,39,'train_test.iloc[:ntrain,:]','train_test.iat[:ntrain,:]',t1,t2,'pd.Series.iloc','pd.Series.iat'])"
https://www.kaggle.com/jonmanly/first-fit-algorithm-two-pass-lb-31907-53,D://crw_data//np.array\source313,D://crw_data//np.array\source313\code\pd.Series.iloc_replace0.py,"writer.writerow([url,91,'gifts.iloc[i]','gifts.iat[i]',t1,t2,'pd.Series.iloc','pd.Series.iat'])"
https://www.kaggle.com/cttsai/ensemble-of-lightgbm-on-different-distributions,D://crw_data//np.zeros\source141,D://crw_data//np.zeros\source141\code\pd.Series.iloc_replace0.py,"writer.writerow([url,33,'X.iloc[trn_idx]','X.iat[trn_idx]',t1,t2,'pd.Series.iloc','pd.Series.iat'])"
https://www.kaggle.com/ymatioun/lightgbm-v1,D://crw_data//df.iloc\source30,D://crw_data//df.iloc\source30\code\pd.Series.iloc_replace1.py,"writer.writerow([url,106,'df.iloc[valid_idx]','df.iat[valid_idx]',t1,t2,'pd.Series.iloc','pd.Series.iat'])"
https://www.kaggle.com/leonardocardoso/braga-alg-tests,D://crw_data//df.iloc\source56,D://crw_data//df.iloc\source56\code\pd.Series.iloc_replace1.py,"writer.writerow([url,100,'X.iloc[0:,new_split:]','X.iat[0:,new_split:]',t1,t2,'pd.Series.iloc','pd.Series.iat'])"
https://www.kaggle.com/kvaradi94/masodik-feladat,D://crw_data//df.iloc\source60,D://crw_data//df.iloc\source60\code\pd.Series.iloc_replace1.py,"writer.writerow([url,18,'df.iloc[:,(i)]','df.iat[:,(i)]',t1,t2,'pd.Series.iloc','pd.Series.iat'])"
https://www.kaggle.com/dollardollar/importance-of-address-features,D://crw_data//df.iloc\source70,D://crw_data//df.iloc\source70\code\pd.Series.iloc_replace1.py,"writer.writerow([url,66,'shuffle(fold1,random_state=123).iloc[0:300000,:]','shuffle(fold1,random_state=123).iat[0:300000,:]',t1,t2,'pd.Series.iloc','pd.Series.iat'])"
https://www.kaggle.com/xingobar/classify-group,D://crw_data//np.append\source15,D://crw_data//np.append\source15\code\pd.Series.iloc_replace1.py,"writer.writerow([url,106,'ppl.iloc[testset]','ppl.iat[testset]',t1,t2,'pd.Series.iloc','pd.Series.iat'])"
https://www.kaggle.com/arjundatt/trial1,D://crw_data//df.at\source14,D://crw_data//df.at\source14\code\pd.Series.iloc_replace1.py,"writer.writerow([url,43,'df_all.iloc[num_train:]','df_all.iat[num_train:]',t1,t2,'pd.Series.iloc','pd.Series.iat'])"
https://www.kaggle.com/sunfulv1/nmsz1816010,D://crw_data//np.arange\source120,D://crw_data//np.arange\source120\code\pd.Series.iloc_replace1.py,"writer.writerow([url,91,'xx_func.iloc[train_.shape[0]:,:]','xx_func.iat[train_.shape[0]:,:]',t1,t2,'pd.Series.iloc','pd.Series.iat'])"
https://www.kaggle.com/wangquan/test1,D://crw_data//np.argmax\source76,D://crw_data//np.argmax\source76\code\pd.Series.iloc_replace1.py,"writer.writerow([url,27,'train_test.iloc[len(y_train):]','train_test.iat[len(y_train):]',t1,t2,'pd.Series.iloc','pd.Series.iat'])"
https://www.kaggle.com/darrellulm/feature-elimination-another-test-run,D://crw_data//np.array\source1124,D://crw_data//np.array\source1124\code\pd.Series.iloc_replace1.py,"writer.writerow([url,40,'train_test.iloc[ntrain:,:]','train_test.iat[ntrain:,:]',t1,t2,'pd.Series.iloc','pd.Series.iat'])"
https://www.kaggle.com/ymatioun/lightgbm-v1,D://crw_data//df.iloc\source30,D://crw_data//df.iloc\source30\code\pd.Series.iloc_replace2.py,"writer.writerow([url,110,'df.iloc[valid_idx]','df.iat[valid_idx]',t1,t2,'pd.Series.iloc','pd.Series.iat'])"
https://www.kaggle.com/ymatioun/hoh-only-scaled,D://crw_data//df.iloc\source31,D://crw_data//df.iloc\source31\code\pd.Series.iloc_replace2.py,"writer.writerow([url,103,'merged_df.iloc[valid_idx]','merged_df.iat[valid_idx]',t1,t2,'pd.Series.iloc','pd.Series.iat'])"
https://www.kaggle.com/leonardocardoso/braga-alg-tests,D://crw_data//df.iloc\source56,D://crw_data//df.iloc\source56\code\pd.Series.iloc_replace2.py,"writer.writerow([url,124,'train_df.iloc[0:,1:-1]','train_df.iat[0:,1:-1]',t1,t2,'pd.Series.iloc','pd.Series.iat'])"
https://www.kaggle.com/ymatioun/hoh-only-scaled,D://crw_data//df.iloc\source31,D://crw_data//df.iloc\source31\code\pd.Series.iloc_replace4.py,"writer.writerow([url,107,'merged_df.iloc[valid_idx]','merged_df.iat[valid_idx]',t1,t2,'pd.Series.iloc','pd.Series.iat'])"
https://www.kaggle.com/leonardocardoso/braga-alg-tests,D://crw_data//df.iloc\source56,D://crw_data//df.iloc\source56\code\pd.Series.iloc_replace3.py,"writer.writerow([url,125,'train_df.iloc[0:,(-1)]','train_df.iat[0:,(-1)]',t1,t2,'pd.Series.iloc','pd.Series.iat'])"
https://www.kaggle.com/xingobar/classify-group,D://crw_data//np.append\source15,D://crw_data//np.append\source15\code\pd.Series.iloc_replace2.py,"writer.writerow([url,121,'ppl.iloc[testset]','ppl.iat[testset]',t1,t2,'pd.Series.iloc','pd.Series.iat'])"
https://www.kaggle.com/thamagame/titanic-with-learning-curves,D://crw_data//df.apply\source14,D://crw_data//df.apply\source14\code\pd.Series.iloc_replace0.py,"writer.writerow([url,131,'train.iloc[:CROSS_VALIDATION_SIZE]','train.iat[:CROSS_VALIDATION_SIZE]',t1,t2,'pd.Series.iloc','pd.Series.iat'])"
https://www.kaggle.com/thamagame/titanic-with-learning-curves,D://crw_data//df.apply\source14,D://crw_data//df.apply\source14\code\pd.Series.iloc_replace1.py,"writer.writerow([url,132,'train.iloc[CROSS_VALIDATION_SIZE:]','train.iat[CROSS_VALIDATION_SIZE:]',t1,t2,'pd.Series.iloc','pd.Series.iat'])"
https://www.kaggle.com/thamagame/titanic-with-learning-curves,D://crw_data//df.apply\source14,D://crw_data//df.apply\source14\code\pd.Series.iloc_replace2.py,"writer.writerow([url,152,'train.iloc[CROSS_VALIDATION_SIZE:CROSS_VALIDATION_SIZE+m]','train.iat[CROSS_VALIDATION_SIZE:CROSS_VALIDATION_SIZE+m]',t1,t2,'pd.Series.iloc','pd.Series.iat'])"
https://www.kaggle.com/thamagame/titanic-with-learning-curves,D://crw_data//df.apply\source14,D://crw_data//df.apply\source14\code\pd.Series.iloc_replace3.py,"writer.writerow([url,156,'trainCv.iloc[:m]','trainCv.iat[:m]',t1,t2,'pd.Series.iloc','pd.Series.iat'])"
https://www.kaggle.com/gvyshnya/gbm-cv-submission-lb-28,D://crw_data//df.fillna\source54,D://crw_data//df.fillna\source54\code\pd.Series.iloc_replace2.py,"writer.writerow([url,449,'X.iloc[(train_index),:]','X.iat[(train_index),:]',t1,t2,'pd.Series.iloc','pd.Series.iat'])"
https://www.kaggle.com/gvyshnya/gbm-cv-submission-lb-28,D://crw_data//df.fillna\source54,D://crw_data//df.fillna\source54\code\pd.Series.iloc_replace3.py,"writer.writerow([url,449,'X.iloc[(test_index),:]','X.iat[(test_index),:]',t1,t2,'pd.Series.iloc','pd.Series.iat'])"
https://www.kaggle.com/mlisovyi/modular-good-fun-with-ligthgbm,D://crw_data//df.iloc\source12,D://crw_data//df.iloc\source12\code\pd.Series.iloc_replace0.py,"writer.writerow([url,188,'data_[feats].iloc[trn_idx]','data_[feats].iat[trn_idx]',t1,t2,'pd.Series.iloc','pd.Series.iat'])"
https://www.kaggle.com/mlisovyi/modular-good-fun-with-ligthgbm,D://crw_data//df.iloc\source12,D://crw_data//df.iloc\source12\code\pd.Series.iloc_replace2.py,"writer.writerow([url,189,'data_[feats].iloc[val_idx]','data_[feats].iat[val_idx]',t1,t2,'pd.Series.iloc','pd.Series.iat'])"
https://www.kaggle.com/mlisovyi/modular-good-fun-with-ligthgbm,D://crw_data//df.iloc\source12,D://crw_data//df.iloc\source12\code\pd.Series.iloc_replace4.py,"writer.writerow([url,225,'fold_importance_df.iloc[i,0]','fold_importance_df.iat[i,0]',t1,t2,'pd.Series.iloc','pd.Series.iat'])"
https://www.kaggle.com/mlisovyi/modular-good-fun-with-ligthgbm,D://crw_data//df.iloc\source12,D://crw_data//df.iloc\source12\code\pd.Series.iloc_replace5.py,"writer.writerow([url,225,'fold_importance_df.iloc[i,1]','fold_importance_df.iat[i,1]',t1,t2,'pd.Series.iloc','pd.Series.iat'])"
https://www.kaggle.com/cttsai/ensemble-of-lightgbm-on-different-distributions,D://crw_data//np.zeros\source141,D://crw_data//np.zeros\source141\code\pd.Series.iloc_replace2.py,"writer.writerow([url,34,'X.iloc[val_idx]','X.iat[val_idx]',t1,t2,'pd.Series.iloc','pd.Series.iat'])"
https://www.kaggle.com/gcshekar08/testing-without-correcting-the-data-leakage,D://crw_data//df.iloc\source20,D://crw_data//df.iloc\source20\code\pd.DataFrame.iloc_replace1.py,"writer.writerow([url,42,'df.iloc[:,a:]','df.iat[:,a:]',t1,t2,'pd.DataFrame.iloc','pd.DataFrame.iat'])"
https://www.kaggle.com/amazone/lightgbm-regressor,D://crw_data//df.apply\source20,D://crw_data//df.apply\source20\code\pd.Series.apply_map_replace0.py,"writer.writerow([url,25,""df['pickup_datetime'].apply(lambdax:int(x.split('')[0].split('-')[1]))"",""df['pickup_datetime'].map(lambdax:int(x.split('')[0].split('-')[1]))"",t1,t2,'pd.Series.apply','pd.Series.map'])"
https://www.kaggle.com/thamagame/titanic-with-learning-curves,D://crw_data//df.apply\source14,D://crw_data//df.apply\source14\code\pd.Series.apply_map_replace1.py,"writer.writerow([url,49,""dataFrame['Ticket'].apply(MapTicket)"",""dataFrame['Ticket'].map(MapTicket)"",t1,t2,'pd.Series.apply','pd.Series.map'])"
https://www.kaggle.com/amazone/lightgbm-regressor,D://crw_data//df.apply\source20,D://crw_data//df.apply\source20\code\pd.Series.apply_map_replace1.py,"writer.writerow([url,26,""df['pickup_datetime'].apply(lambdax:int(x.split('')[0].split('-')[2]))"",""df['pickup_datetime'].map(lambdax:int(x.split('')[0].split('-')[2]))"",t1,t2,'pd.Series.apply','pd.Series.map'])"
https://www.kaggle.com/gvyshnya/gbm-cv-submission-lb-28,D://crw_data//df.fillna\source54,D://crw_data//df.fillna\source54\code\pd.Series.apply_map_replace0.py,"writer.writerow([url,345,'train_df[f2].apply(lambdax:str(x))','train_df[f2].map(lambdax:str(x))',t1,t2,'pd.Series.apply','pd.Series.map'])"
https://www.kaggle.com/ymatioun/lightgbm-v1,D://crw_data//df.iloc\source30,D://crw_data//df.iloc\source30\code\pd.Series.apply_map_replace0.py,"writer.writerow([url,58,""merged_df['ingredients'].apply(','.join)"",""merged_df['ingredients'].map(','.join)"",t1,t2,'pd.Series.apply','pd.Series.map'])"
https://www.kaggle.com/mikeskim/logmean-imputation,D://crw_data//df.apply\source13,D://crw_data//df.apply\source13\code\pd.Series.apply_replace0.py,"writer.writerow([url,55,""data[date_cols].apply(lambdax:x.fillna(value=data['imputed_values']))"",""pd.DataFrame(data[date_cols]).apply(lambdax:x[date_cols].fillna(value=data['imputed_values']),axis=1)"",t1,t2,'pd.Series.apply','pd.DataFrame.apply'])"
https://www.kaggle.com/ceshine/pytorch-baseline-model,D://crw_data//df.fillna\source48,D://crw_data//df.fillna\source48\code\pd.Series.astype_replace0.py,"writer.writerow([url,70,'df[col].astype(np.float64)','df[col].apply(np.float64)',t1,t2,'pd.Series.astype','pd.Series.apply'])"
https://www.kaggle.com/thamagame/titanic-with-learning-curves,D://crw_data//df.apply\source14,D://crw_data//df.apply\source14\code\pd.Series.map_replace_replace0.py,"writer.writerow([url,57,""dataFrame['Embarked'].map({'C':0,'S':1,'Q':2})"",""pd.DataFrame(dataFrame['Embarked']).replace({'C':0,'S':1,'Q':2})"",t1,t2,'pd.Series.map','pd.DataFrame.replace'])"
https://www.kaggle.com/thamagame/titanic-with-learning-curves,D://crw_data//df.apply\source14,D://crw_data//df.apply\source14\code\pd.Series.map_replace_replace1.py,"writer.writerow([url,58,""dataFrame['Sex'].map({'female':0,'male':1})"",""pd.DataFrame(dataFrame['Sex']).replace({'female':0,'male':1})"",t1,t2,'pd.Series.map','pd.DataFrame.replace'])"
https://www.kaggle.com/xiaoml/low-ram-bag-of-apps-python,D://crw_data//df.apply\source10,D://crw_data//df.apply\source10\code\pd.Series.map_replace_replace0.py,"writer.writerow([url,63,""app_ev['app_id'].map(app_lab)"",""app_ev['app_id'].replace(app_lab)"",t1,t2,'pd.Series.map','pd.Series.replace'])"
https://www.kaggle.com/brandao/test-6,D://crw_data//df.apply\source107,D://crw_data//df.apply\source107\code\pd.DataFrame.apply_where_replace0.py,"writer.writerow([url,19,""df.apply(lambdarow:row['action_type']ifactiontypes[row['action_type']]>\t20elserow['combined_shot_type'],axis=1)"",""actiontypes[df['action_type']].apply(lambdarow:row['action_type']ifrow>\t20elserow['combined_shot_type'])"",t1,t2,'pd.DataFrame.apply','pd.Series.apply'])"
https://www.kaggle.com/mikeskim/logmean-imputation,D://crw_data//df.apply\source13,D://crw_data//df.apply\source13\code\pd.Series.apply_map_replace0.py,"writer.writerow([url,49,'logmean_df.apply(mean_fill,axis=1)','logmean_df.map(mean_fill,axis=1)',t1,t2,'pd.Series.apply','pd.Series.map'])"
https://www.kaggle.com/mikeskim/logmean-imputation,D://crw_data//df.apply\source13,D://crw_data//df.apply\source13\code\pd.Series.apply_map_replace1.py,"writer.writerow([url,55,""data[date_cols].apply(lambdax:x.fillna(value=data['imputed_values']))"",""data[date_cols].map(lambdax:x.fillna(value=data['imputed_values']))"",t1,t2,'pd.Series.apply','pd.Series.map'])"
https://www.kaggle.com/thamagame/titanic-with-learning-curves,D://crw_data//df.apply\source14,D://crw_data//df.apply\source14\code\pd.DataFrame.fillna_replace0.py,"writer.writerow([url,21,'colonne.fillna(moyenne)','colonne.combine_first(colonne.applymap(lambdax:moyenne))',t1,t2,'pd.DataFrame.fillna','pd.DataFrame.combine_first'])"
https://www.kaggle.com/thamagame/titanic-with-learning-curves,D://crw_data//df.apply\source14,D://crw_data//df.apply\source14\code\pd.DataFrame.fillna_replace1.py,"writer.writerow([url,50,""dataFrame['Cabin'].fillna(0)"",""dataFrame['Cabin'].combine_first(dataFrame['Cabin'].applymap(lambdax:0))"",t1,t2,'pd.DataFrame.fillna','pd.DataFrame.combine_first'])"
https://www.kaggle.com/thamagame/titanic-with-learning-curves,D://crw_data//df.apply\source14,D://crw_data//df.apply\source14\code\pd.DataFrame.fillna_replace2.py,"writer.writerow([url,56,""dataFrame['Embarked'].fillna('S')"",""dataFrame['Embarked'].combine_first(dataFrame['Embarked'].applymap(lambdax:'S'))"",t1,t2,'pd.DataFrame.fillna','pd.DataFrame.combine_first'])"
https://www.kaggle.com/thamagame/titanic-with-learning-curves,D://crw_data//df.apply\source14,D://crw_data//df.apply\source14\code\pd.Series.apply_map_replace0.py,"writer.writerow([url,14,'df.apply(np.random.shuffle,axis=axis)','df.map(np.random.shuffle,axis=axis)',t1,t2,'pd.Series.apply','pd.Series.map'])"
https://www.kaggle.com/nlothian/adversarial-validation,D://crw_data//df.apply\source17,D://crw_data//df.apply\source17\code\pd.Series.apply_map_replace0.py,"writer.writerow([url,80,'df.apply(process,axis=1)','df.map(process,axis=1)',t1,t2,'pd.Series.apply','pd.Series.map'])"
https://www.kaggle.com/amazone/lightgbm-regressor,D://crw_data//df.apply\source20,D://crw_data//df.apply\source20\code\pd.DataFrame.apply_where_replace0.py,"writer.writerow([url,31,""df.apply(lambdarow:1ifrow['month']==1androw['day']==1orrow[\t'month']==7androw['day']==4orrow['month']==11androw['day']==\t11orrow['month']==12androw['day']==25orrow['month']==1and\trow['day']>=15androw['day']<=21androw['weekday']==0orrow[\t'month']==2androw['day']>=15androw['day']<=21androw[\t'weekday']==0orrow['month']==5androw['day']>=25androw['day'\t]<=31androw['weekday']==0orrow['month']==9androw['day']>=\t1androw['day']<=7androw['weekday']==0orrow['month']==10and\trow['day']>=8androw['day']<=14androw['weekday']==0orrow[\t'month']==11androw['day']>=22androw['day']<=28androw[\t'weekday']==3else0,axis=1)"",""df['month']==1anddf['day']==1ordf[\t'month']==7anddf['day']==4ordf['month']==11anddf['day']==\t11ordf['month']==12anddf['day']==25ordf['month']==1and\tdf['day']>=15anddf['day']<=21anddf['weekday']==0ordf[\t'month']==2anddf['day']>=15anddf['day']<=21anddf[\t'weekday']==0ordf['month']==5anddf['day']>=25anddf['day'\t]<=31anddf['weekday']==0ordf['month']==9anddf['day']>=\t1anddf['day']<=7anddf['weekday']==0ordf['month']==10and\tdf['day']>=8anddf['day']<=14anddf['weekday']==0ordf[\t'month']==11anddf['day']>=22anddf['day']<=28anddf[\t'weekday'].apply(lambdarow:1ifrow==3else0)"",t1,t2,'pd.DataFrame.apply','pd.Series.apply'])"
https://www.kaggle.com/amazone/lightgbm-regressor,D://crw_data//df.apply\source20,D://crw_data//df.apply\source20\code\pd.DataFrame.apply_where_replace1.py,"writer.writerow([url,32,""df.apply(lambdarow:1ifrow['month']==12androw['day']==31orrow[\t'month']==7androw['day']==3orrow['month']==11androw['day']==\t10orrow['month']==12androw['day']==24orrow['month']==1and\trow['day']>=14androw['day']<=20androw['weekday']==6orrow[\t'month']==2androw['day']>=14androw['day']<=20androw[\t'weekday']==6orrow['month']==5androw['day']>=24androw['day'\t]<=30androw['weekday']==6or(row['month']==9androw['day']>=\t1androw['day']<=6or(row['month']==8androw['day']==31)and\trow['weekday']==6)orrow['month']==10androw['day']>=7androw[\t'day']<=13androw['weekday']==6orrow['month']==11androw[\t'day']>=21androw['day']<=27androw['weekday']==2else0,axis=1)"",""df['month']==12anddf['day']==31ordf[\t'month']==7anddf['day']==3ordf['month']==11anddf['day']==\t10ordf['month']==12anddf['day']==24ordf['month']==1and\tdf['day']>=14anddf['day']<=20anddf['weekday']==6ordf[\t'month']==2anddf['day']>=14anddf['day']<=20anddf[\t'weekday']==6ordf['month']==5anddf['day']>=24anddf['day'\t]<=30anddf['weekday']==6or(df['month']==9anddf['day']>=\t1anddf['day']<=6or(df['month']==8anddf['day']==31)and\tdf['weekday']==6)ordf['month']==10anddf['day']>=7anddf[\t'day']<=13anddf['weekday']==6ordf['month']==11anddf[\t'day']>=21anddf['day']<=27anddf['weekday'].apply(lambdarow:1ifrow==2else0)"",t1,t2,'pd.DataFrame.apply','pd.Series.apply'])"
https://www.kaggle.com/amazone/lightgbm-regressor,D://crw_data//df.apply\source20,D://crw_data//df.apply\source20\code\pd.Series.astype_replace0.py,"writer.writerow([url,29,""df.pickup_datetime.astype('datetime64[ns]')"",""df.pickup_datetime.apply('datetime64[ns]')"",t1,t2,'pd.Series.astype','pd.Series.apply'])"
https://www.kaggle.com/wawanco/data-ownership-numeric-features,D://crw_data//df.apply\source23,D://crw_data//df.apply\source23\code\pd.Series.apply_map_replace1.py,"writer.writerow([url,16,'train.apply(lambdax:x.nunique(dropna=False),axis=0)','train.map(lambdax:x.nunique(dropna=False),axis=0)',t1,t2,'pd.Series.apply','pd.Series.map'])"
https://www.kaggle.com/marbel/keras-dummy-vars,D://crw_data//df.apply\source25,D://crw_data//df.apply\source25\code\pd.DataFrame.apply_where_replace0.py,"writer.writerow([url,28,""df.apply(lambdarow:row[field]ifrow[field]infilteredelsefloat('NaN'),\taxis=1)"",""df[field].apply(lambdarow:rowifrowinfilteredelsefloat('NaN'))"",t1,t2,'pd.DataFrame.apply','pd.Series.apply'])"
https://www.kaggle.com/marbel/keras-dummy-vars,D://crw_data//df.apply\source25,D://crw_data//df.apply\source25\code\pd.Series.astype_replace0.py,"writer.writerow([url,59,'test.id.values.astype(int)','test.id.values.apply(int)',t1,t2,'pd.Series.astype','pd.Series.apply'])"
https://www.kaggle.com/marbel/keras-dummy-vars,D://crw_data//df.apply\source25,D://crw_data//df.apply\source25\code\pd.Series.astype_replace1.py,"writer.writerow([url,85,'np.array(train_values).astype(float)','np.array(train_values).apply(float)',t1,t2,'pd.Series.astype','pd.Series.apply'])"
https://www.kaggle.com/marbel/keras-dummy-vars,D://crw_data//df.apply\source25,D://crw_data//df.apply\source25\code\pd.Series.astype_replace2.py,"writer.writerow([url,86,'np.array(train_values).astype(float)','np.array(train_values).apply(float)',t1,t2,'pd.Series.astype','pd.Series.apply'])"
https://www.kaggle.com/hbajaj/nyc-taxi-fare-rfr-script,D://crw_data//df.apply\source37,D://crw_data//df.apply\source37\code\pd.Series.apply_map_replace0.py,"writer.writerow([url,114,'tmp_df.apply(distance_between_two_points,axis=1)','tmp_df.map(distance_between_two_points,axis=1)',t1,t2,'pd.Series.apply','pd.Series.map'])"
https://www.kaggle.com/tyburam/talkingdataadtrackingfrauddetectionchallenge,D://crw_data//df.apply\source38,D://crw_data//df.apply\source38\code\pd.Series.apply_map_replace0.py,"writer.writerow([url,47,'df.apply(lambdarow:freq_hours(row),axis=1)','df.map(lambdarow:freq_hours(row),axis=1)',t1,t2,'pd.Series.apply','pd.Series.map'])"
https://www.kaggle.com/naropian/narnar-test,D://crw_data//df.apply\source40,D://crw_data//df.apply\source40\code\pd.Series.apply_map_replace0.py,"writer.writerow([url,173,'df_train[QUANT_COLS].apply(lambdax:st.skew(x))','df_train[QUANT_COLS].map(lambdax:st.skew(x))',t1,t2,'pd.Series.apply','pd.Series.map'])"
https://www.kaggle.com/chechir/export-feats-kernel,D://crw_data//df.apply\source42,D://crw_data//df.apply\source42\code\np.sum_einsum_replace0.py,"writer.writerow([url,49,'np.sum(total_weights)',""np.einsum('i->',total_weights)"",t1,t2,'np.sum','np.einsum'])"
https://www.kaggle.com/aawadall/deep-neural-net,D://crw_data//df.astype\source2,D://crw_data//df.astype\source2\code\np.linalg.norm_replace1.py,"writer.writerow([url,444,""np.linalg.norm(grads['dW'+str(L)])"",""np.sqrt(np.square(grads['dW'+str(L)]).sum())"",t1,t2,'np.linalg.norm','np.sqrt_sum'])"
https://www.kaggle.com/aawadall/deep-neural-net,D://crw_data//df.astype\source2,D://crw_data//df.astype\source2\code\np.ndarray.sum_einsum_replace0.py,"writer.writerow([url,74,'np.sum(t,axis=0)',""np.einsum('ij->j',np)"",t1,t2,'np.ndarray.sum','np.einsum'])"
https://www.kaggle.com/aawadall/deep-neural-net,D://crw_data//df.astype\source2,D://crw_data//df.astype\source2\code\np.ndarray.sum_einsum_replace1.py,"writer.writerow([url,96,'np.sum(logprobs)',""np.einsum('i->',np)"",t1,t2,'np.ndarray.sum','np.einsum'])"
https://www.kaggle.com/aawadall/deep-neural-net,D://crw_data//df.astype\source2,D://crw_data//df.astype\source2\code\np.sum_einsum_replace1.py,"writer.writerow([url,96,'np.sum(logprobs)',""np.einsum('i->',logprobs)"",t1,t2,'np.sum','np.einsum'])"
https://www.kaggle.com/arjundatt/trial1,D://crw_data//df.at\source14,D://crw_data//df.at\source14\code\pd.DataFrame.iloc_replace0.py,"writer.writerow([url,42,'df_all.iloc[:num_train]','df_all.iat[:num_train]',t1,t2,'pd.DataFrame.iloc','pd.DataFrame.iat'])"
https://www.kaggle.com/cttsai/lgbm-starter-w-aggregations,D://crw_data//df.fillna\source10,D://crw_data//df.fillna\source10\code\pd.Series.astype_replace0.py,"writer.writerow([url,67,""pd.DatetimeIndex(df['purchase_date']).astype(np.int64)"",""pd.DatetimeIndex(df['purchase_date']).apply(np.int64)"",t1,t2,'pd.Series.astype','pd.Series.apply'])"
https://www.kaggle.com/abhisheksharma26jan/zillowabhishek,D://crw_data//df.fillna\source13,D://crw_data//df.fillna\source13\code\pd.DataFrame.fillna_replace0.py,"writer.writerow([url,141,'properties[c].fillna(-1)','properties[c].combine_first(properties[c].applymap(lambdax:-1))',t1,t2,'pd.DataFrame.fillna','pd.DataFrame.combine_first'])"
https://www.kaggle.com/yekenot/toxic-regression,D://crw_data//df.fillna\source3,D://crw_data//df.fillna\source3\code\pd.DataFrame.fillna_replace0.py,"writer.writerow([url,35,""df.fillna('unknown')"",""df.combine_first(df.applymap(lambdax:'unknown'))"",t1,t2,'pd.DataFrame.fillna','pd.DataFrame.combine_first'])"
https://www.kaggle.com/azuralrainbow/summer,D://crw_data//df.fillna\source33,D://crw_data//df.fillna\source33\code\np.ndarray.sum_einsum_replace0.py,"writer.writerow([url,29,'np.sum(probs**2)',""np.einsum('i->',np)"",t1,t2,'np.ndarray.sum','np.einsum'])"
https://www.kaggle.com/azuralrainbow/summer,D://crw_data//df.fillna\source33,D://crw_data//df.fillna\source33\code\pd.Series.astype_replace0.py,"writer.writerow([url,27,'np.unique(column_df,return_counts=True)[1].astype(float)','np.unique(column_df,return_counts=True)[1].apply(float)',t1,t2,'pd.Series.astype','pd.Series.apply'])"
https://www.kaggle.com/lkirch/testingrossmanndata-ipynb,D://crw_data//df.fillna\source44,D://crw_data//df.fillna\source44\code\np.ndarray.sum_einsum_replace0.py,"writer.writerow([url,96,'test_df.isnull().sum()',""np.einsum('i->',test_df.isnull())"",t1,t2,'np.ndarray.sum','np.einsum'])"
https://www.kaggle.com/lkirch/testingrossmanndata-ipynb,D://crw_data//df.fillna\source44,D://crw_data//df.fillna\source44\code\pd.Series.replace_map_replace1.py,"writer.writerow([url,76,'train_df.Assortment.replace(mappings,inplace=True)','train_df.Assortment.map(mappings,inplace=True)',t1,t2,'pd.Series.replace','pd.Series.map'])"
https://www.kaggle.com/ceshine/pytorch-baseline-model,D://crw_data//df.fillna\source48,D://crw_data//df.fillna\source48\code\np.ndarray.sum_count_nonzero_replace0.py,"writer.writerow([url,47,'df.memory_usage().sum()','np.count_nonzero(df.memory_usage(),)',t1,t2,'np.ndarray.sum','np.count_nonzero'])"
https://www.kaggle.com/ceshine/pytorch-baseline-model,D://crw_data//df.fillna\source48,D://crw_data//df.fillna\source48\code\np.ndarray.sum_count_nonzero_replace1.py,"writer.writerow([url,72,'df.memory_usage().sum()','np.count_nonzero(df.memory_usage(),)',t1,t2,'np.ndarray.sum','np.count_nonzero'])"
https://www.kaggle.com/ceshine/pytorch-baseline-model,D://crw_data//df.fillna\source48,D://crw_data//df.fillna\source48\code\pd.Series.astype_replace1.py,"writer.writerow([url,68,'df[col].astype(np.float32)','df[col].apply(np.float32)',t1,t2,'pd.Series.astype','pd.Series.apply'])"
https://www.kaggle.com/ceshine/pytorch-baseline-model,D://crw_data//df.fillna\source48,D://crw_data//df.fillna\source48\code\pd.Series.astype_replace2.py,"writer.writerow([url,66,'df[col].astype(np.float16)','df[col].apply(np.float16)',t1,t2,'pd.Series.astype','pd.Series.apply'])"
https://www.kaggle.com/gvyshnya/gbm-cv-submission-lb-28,D://crw_data//df.fillna\source54,D://crw_data//df.fillna\source54\code\pd.Series.iloc_replace0.py,"writer.writerow([url,447,'y.iloc[train_index]','y.iat[train_index]',t1,t2,'pd.Series.iloc','pd.Series.iat'])"
https://www.kaggle.com/gvyshnya/gbm-cv-submission-lb-28,D://crw_data//df.fillna\source54,D://crw_data//df.fillna\source54\code\pd.Series.iloc_replace1.py,"writer.writerow([url,447,'y.iloc[test_index]','y.iat[test_index]',t1,t2,'pd.Series.iloc','pd.Series.iat'])"
https://www.kaggle.com/gvyshnya/gbm-cv-submission-lb-28,D://crw_data//df.fillna\source54,D://crw_data//df.fillna\source54\code\pd.Series.iloc_replace4.py,"writer.writerow([url,499,'y_valid_pred.iloc[test_index]','y_valid_pred.iat[test_index]',t1,t2,'pd.Series.iloc','pd.Series.iat'])"
https://www.kaggle.com/mlisovyi/modular-good-fun-with-ligthgbm,D://crw_data//df.iloc\source12,D://crw_data//df.iloc\source12\code\pd.Series.iloc_replace1.py,"writer.writerow([url,188,'y_.iloc[trn_idx]','y_.iat[trn_idx]',t1,t2,'pd.Series.iloc','pd.Series.iat'])"
https://www.kaggle.com/mlisovyi/modular-good-fun-with-ligthgbm,D://crw_data//df.iloc\source12,D://crw_data//df.iloc\source12\code\pd.Series.iloc_replace3.py,"writer.writerow([url,189,'y_.iloc[val_idx]','y_.iat[val_idx]',t1,t2,'pd.Series.iloc','pd.Series.iat'])"
https://www.kaggle.com/gcshekar08/testing-without-correcting-the-data-leakage,D://crw_data//df.iloc\source20,D://crw_data//df.iloc\source20\code\np.ndarray.sum_einsum_replace0.py,"writer.writerow([url,44,'df.iloc[:,a:b].sum(1)',""np.einsum('i->',df.iloc[:,a:b])"",t1,t2,'np.ndarray.sum','np.einsum'])"
https://www.kaggle.com/gcshekar08/testing-without-correcting-the-data-leakage,D://crw_data//df.iloc\source20,D://crw_data//df.iloc\source20\code\pd.DataFrame.iloc_replace0.py,"writer.writerow([url,44,'df.iloc[:,a:b]','df.iat[:,a:b]',t1,t2,'pd.DataFrame.iloc','pd.DataFrame.iat'])"
https://www.kaggle.com/ymatioun/lightgbm-v1,D://crw_data//df.iloc\source30,D://crw_data//df.iloc\source30\code\np.ndarray.sum_count_nonzero_replace0.py,"writer.writerow([url,69,'df.sum(axis=0)','np.count_nonzero(df,axis=0)',t1,t2,'np.ndarray.sum','np.count_nonzero'])"
https://www.kaggle.com/ymatioun/lightgbm-v1,D://crw_data//df.iloc\source30,D://crw_data//df.iloc\source30\code\np.ndarray.sum_einsum_replace0.py,"writer.writerow([url,69,'df.sum(axis=0)',""np.einsum('ij->j',df)"",t1,t2,'np.ndarray.sum','np.einsum'])"
https://www.kaggle.com/ymatioun/lightgbm-v1,D://crw_data//df.iloc\source30,D://crw_data//df.iloc\source30\code\pd.DataFrame.iloc_replace0.py,"writer.writerow([url,105,'df.iloc[train_idx]','df.iat[train_idx]',t1,t2,'pd.DataFrame.iloc','pd.DataFrame.iat'])"
https://www.kaggle.com/ymatioun/lightgbm-v1,D://crw_data//df.iloc\source30,D://crw_data//df.iloc\source30\code\pd.Series.astype_replace0.py,"writer.writerow([url,59,'dummies.astype(np.int8)','dummies.apply(np.int8)',t1,t2,'pd.Series.astype','pd.Series.apply'])"
https://www.kaggle.com/ymatioun/hoh-only-scaled,D://crw_data//df.iloc\source31,D://crw_data//df.iloc\source31\code\pd.DataFrame.iloc_replace0.py,"writer.writerow([url,102,'merged_df.iloc[train_idx]','merged_df.iat[train_idx]',t1,t2,'pd.DataFrame.iloc','pd.DataFrame.iat'])"
https://www.kaggle.com/ymatioun/hoh-only-scaled,D://crw_data//df.iloc\source31,D://crw_data//df.iloc\source31\code\pd.Series.astype_replace0.py,"writer.writerow([url,69,""merged_df['dependency'].astype(np.float32)"",""merged_df['dependency'].apply(np.float32)"",t1,t2,'pd.Series.astype','pd.Series.apply'])"
https://www.kaggle.com/ymatioun/hoh-only-scaled,D://crw_data//df.iloc\source31,D://crw_data//df.iloc\source31\code\pd.Series.astype_replace1.py,"writer.writerow([url,70,""merged_df['edjefe'].astype(np.int8)"",""merged_df['edjefe'].apply(np.int8)"",t1,t2,'pd.Series.astype','pd.Series.apply'])"
https://www.kaggle.com/ymatioun/hoh-only-scaled,D://crw_data//df.iloc\source31,D://crw_data//df.iloc\source31\code\pd.Series.iloc_replace1.py,"writer.writerow([url,102,'target.iloc[train_idx]','target.iat[train_idx]',t1,t2,'pd.Series.iloc','pd.Series.iat'])"
https://www.kaggle.com/ymatioun/hoh-only-scaled,D://crw_data//df.iloc\source31,D://crw_data//df.iloc\source31\code\pd.Series.iloc_replace3.py,"writer.writerow([url,103,'target.iloc[valid_idx]','target.iat[valid_idx]',t1,t2,'pd.Series.iloc','pd.Series.iat'])"
https://www.kaggle.com/leonardocardoso/braga-alg-tests,D://crw_data//df.iloc\source56,D://crw_data//df.iloc\source56\code\np.column_stack_transpose_replace0.py,"writer.writerow([url,97,'np.column_stack(features)','np.transpose(features)',t1,t2,'np.column_stack','np.transpose'])"
https://www.kaggle.com/kvaradi94/masodik-feladat,D://crw_data//df.iloc\source60,D://crw_data//df.iloc\source60\code\pd.DataFrame.iloc_replace0.py,"writer.writerow([url,15,'df.iloc[:,(i)]','df.iat[:,(i)]',t1,t2,'pd.DataFrame.iloc','pd.DataFrame.iat'])"
https://www.kaggle.com/plantsgo/solution-public-0-471-private-0-505,D://crw_data//df.iloc\source62,D://crw_data//df.iloc\source62\code\np.sum_einsum_replace0.py,"writer.writerow([url,249,'np.sum(yyy)',""np.einsum('i->',yyy)"",t1,t2,'np.sum','np.einsum'])"
https://www.kaggle.com/ogrellier/multi-core-aggregations,D://crw_data//df.iloc\source65,D://crw_data//df.iloc\source65\code\np.ndarray.sum_einsum_replace0.py,"writer.writerow([url,93,'np.sum(b_s)',""np.einsum('i->',np)"",t1,t2,'np.ndarray.sum','np.einsum'])"
https://www.kaggle.com/ogrellier/multi-core-aggregations,D://crw_data//df.iloc\source65,D://crw_data//df.iloc\source65\code\pd.DataFrame.fillna_replace0.py,"writer.writerow([url,561,'full_test.fillna(self.fill_nan)','full_test.combine_first(full_test.applymap(lambdax:self.fill_nan))',t1,t2,'pd.DataFrame.fillna','pd.DataFrame.combine_first'])"
https://www.kaggle.com/dollardollar/importance-of-address-features,D://crw_data//df.iloc\source70,D://crw_data//df.iloc\source70\code\pd.DataFrame.iloc_replace0.py,"writer.writerow([url,65,'shuffle(fold0,random_state=123).iloc[0:300000,:]','shuffle(fold0,random_state=123).iat[0:300000,:]',t1,t2,'pd.DataFrame.iloc','pd.DataFrame.iat'])"
https://www.kaggle.com/kevinwu06/feature-importance-w-xgboost,D://crw_data//df.iloc\source73,D://crw_data//df.iloc\source73\code\np.column_stack_vstack_replace0.py,"writer.writerow([url,203,'np.column_stack((ids,cts))','np.vstack((ids.T,cts.T)).T',t1,t2,'np.column_stack','np.vstack'])"
https://www.kaggle.com/srogovtsev/a-simple-demo-of-sklearn-pipelines,D://crw_data//df.iloc\source79,D://crw_data//df.iloc\source79\code\pd.Series.astype_replace0.py,"writer.writerow([url,45,'X[:,self.left:self.right].astype(int)','X[:,self.left:self.right].apply(int)',t1,t2,'pd.Series.astype','pd.Series.apply'])"
https://www.kaggle.com/srogovtsev/a-simple-demo-of-sklearn-pipelines,D://crw_data//df.iloc\source79,D://crw_data//df.iloc\source79\code\pd.Series.astype_replace1.py,"writer.writerow([url,52,'X[:,self.left:self.right].astype(int)','X[:,self.left:self.right].apply(int)',t1,t2,'pd.Series.astype','pd.Series.apply'])"
https://www.kaggle.com/nikolayburlutskiy/xgboost-in-python-0-83x,D://crw_data//df.iloc\source87,D://crw_data//df.iloc\source87\code\pd.DataFrame.iloc_replace0.py,"writer.writerow([url,92,'train_df.iloc[:,:-1]','train_df.iat[:,:-1]',t1,t2,'pd.DataFrame.iloc','pd.DataFrame.iat'])"
https://www.kaggle.com/drarfc/script-competition-facebook-v-2-1,D://crw_data//df.loc\source106,D://crw_data//df.loc\source106\code\np.column_stack_transpose_replace0.py,"writer.writerow([url,163,'np.column_stack((row_ids,pred_labels))','np.transpose((row_ids,pred_labels))',t1,t2,'np.column_stack','np.transpose'])"
https://www.kaggle.com/drarfc/script-competition-facebook-v-2-1,D://crw_data//df.loc\source106,D://crw_data//df.loc\source106\code\pd.Series.astype_replace1.py,"writer.writerow([url,129,'cell_test[:,(-1)].flatten().astype(np.int32)','cell_test[:,(-1)].flatten().apply(np.int32)',t1,t2,'pd.Series.astype','pd.Series.apply'])"
https://www.kaggle.com/tkm2261/eval-metric-and-evaluating-last-year-sales-bench,D://crw_data//df.merge\source88,D://crw_data//df.merge\source88\code\pd.DataFrame.fillna_replace0.py,"writer.writerow([url,59,'df_2017.prev_unit_sales.fillna(0)','df_2017.prev_unit_sales.combine_first(df_2017.prev_unit_sales.applymap(lambdax:0))',t1,t2,'pd.DataFrame.fillna','pd.DataFrame.combine_first'])"
https://www.kaggle.com/qnkhuat/make-data-ready,D://crw_data//df.replace\source1,D://crw_data//df.replace\source1\code\pd.Series.replace_map_replace0.py,"writer.writerow([url,72,""df.replace(cols_to_replace,'NA')"",""df.map(cols_to_map,'NA')"",t1,t2,'pd.Series.replace','pd.Series.map'])"
https://www.kaggle.com/sakvaua/simple-na-visualization-python-script,D://crw_data//df.sum\source5,D://crw_data//df.sum\source5\code\pd.Series.astype_replace0.py,"writer.writerow([url,21,'pd.isnull(train).astype(int)','pd.isnull(train).apply(int)',t1,t2,'pd.Series.astype','pd.Series.apply'])"
https://www.kaggle.com/liubenyuan/time-series-and-anomaly-detection,D://crw_data//np.abs\source9,D://crw_data//np.abs\source9\code\np.transpose_column_stack_replace0.py,"writer.writerow([url,37,'D.transpose()','D.column_stack()',t1,t2,'np.transpose','np.column_stack'])"
https://www.kaggle.com/xingobar/classify-group,D://crw_data//np.append\source15,D://crw_data//np.append\source15\code\pd.DataFrame.iloc_replace0.py,"writer.writerow([url,100,'ppl.iloc[testset]','ppl.iat[testset]',t1,t2,'pd.DataFrame.iloc','pd.DataFrame.iat'])"
https://www.kaggle.com/xingobar/classify-group,D://crw_data//np.append\source15,D://crw_data//np.append\source15\code\pd.Series.astype_replace0.py,"writer.writerow([url,63,'ppl[ppl_logi].astype(int)','ppl[ppl_logi].apply(int)',t1,t2,'pd.Series.astype','pd.Series.apply'])"
https://www.kaggle.com/nishadi/breeds,D://crw_data//np.append\source30,D://crw_data//np.append\source30\code\pd.Series.replace_map_replace0.py,"writer.writerow([url,61,""i.replace('Shorthair','')"",""i.map('Shorthair','')"",t1,t2,'pd.Series.replace','pd.Series.map'])"
https://www.kaggle.com/sgorlick/simple-trial-using-only-numpy,D://crw_data//np.append\source5,D://crw_data//np.append\source5\code\pd.Series.astype_replace0.py,"writer.writerow([url,67,'onep[dista==min(dista)][0][0].astype(int)','onep[dista==min(dista)][0][0].apply(int)',t1,t2,'pd.Series.astype','pd.Series.apply'])"
https://www.kaggle.com/sunfulv1/nmsz1816010,D://crw_data//np.arange\source120,D://crw_data//np.arange\source120\code\pd.DataFrame.iloc_replace0.py,"writer.writerow([url,89,'xx_func.iloc[:train_.shape[0],:]','xx_func.iat[:train_.shape[0],:]',t1,t2,'pd.DataFrame.iloc','pd.DataFrame.iat'])"
https://www.kaggle.com/sunfulv1/nmsz1816010,D://crw_data//np.arange\source120,D://crw_data//np.arange\source120\code\pd.Series.replace_map_replace0.py,"writer.writerow([url,75,""tmp_cat.str.replace(s_,'')"",""tmp_cat.str.map(s_,'')"",t1,t2,'pd.Series.replace','pd.Series.map'])"
https://www.kaggle.com/zeta2191622/how-to-get-a-score-of-0-894-in-two-minutes,D://crw_data//np.arange\source150,D://crw_data//np.arange\source150\code\np.full_empty_replace0.py,"writer.writerow([url,26,'np.full((1000000,1000),-1,dtype=np.int16)','np.empty((1000000,1000),dtype=np.int16);r2[:]=-1',t1,t2,'np.full','np.empty'])"
https://www.kaggle.com/mmueller/f1-score-expectation-maximization-in-o-n,D://crw_data//np.arange\source2,D://crw_data//np.arange\source2\code\np.arange_replace0.py,"writer.writerow([url,116,'np.arange(0,len(P)+1,1.0)','np.array(range(0,len(P)+1,1.0))',t1,t2,'np.arange','np.array'])"
https://www.kaggle.com/animesh371/expediascript,D://crw_data//np.arange\source215,D://crw_data//np.arange\source215\code\pd.DataFrame.fillna_replace0.py,"writer.writerow([url,101,""frame[datename].fillna('2015-01-01')"",""frame[datename].combine_first(frame[datename].applymap(lambdax:'2015-01-01'))"",t1,t2,'pd.DataFrame.fillna','pd.DataFrame.combine_first'])"
https://www.kaggle.com/klooonal/three,D://crw_data//np.arange\source227,D://crw_data//np.arange\source227\code\np.arange_replace0.py,"writer.writerow([url,41,'np.arange(0.0,5.0,0.01)','np.array(range(0.0,5.0,0.01))',t1,t2,'np.arange','np.array'])"
https://www.kaggle.com/themachine/the-machine-ii,D://crw_data//np.arange\source232,D://crw_data//np.arange\source232\code\pd.Series.astype_replace0.py,"writer.writerow([url,181,""train[i].astype('category')"",""train[i].apply('category')"",t1,t2,'pd.Series.astype','pd.Series.apply'])"
https://www.kaggle.com/xingyang/show-me-the-fishes-object-localization-with-cnn,D://crw_data//np.arange\source253,D://crw_data//np.arange\source253\code\np.ndarray.sum_einsum_replace0.py,"writer.writerow([url,151,'np.sum(train_unique_counts)',""np.einsum('i->',np)"",t1,t2,'np.ndarray.sum','np.einsum'])"
https://www.kaggle.com/heaviside9/sklearn-linear-regression-benchmark,D://crw_data//np.arange\source311,D://crw_data//np.arange\source311\code\np.ndarray.sum_count_nonzero_replace0.py,"writer.writerow([url,34,'sa.sum(axis=0)','np.count_nonzero(sa,axis=0)',t1,t2,'np.ndarray.sum','np.count_nonzero'])"
https://www.kaggle.com/heaviside9/sklearn-linear-regression-benchmark,D://crw_data//np.arange\source311,D://crw_data//np.arange\source311\code\np.ndarray.sum_einsum_replace0.py,"writer.writerow([url,34,'sa.sum(axis=0)',""np.einsum('ij->j',sa)"",t1,t2,'np.ndarray.sum','np.einsum'])"
https://www.kaggle.com/alishir/iterative-random-forest,D://crw_data//np.arange\source315,D://crw_data//np.arange\source315\code\np.ndarray.sum_einsum_replace0.py,"writer.writerow([url,112,'np.sum(np.sqrt(np.power(y_test-y_pre,2)))',""np.einsum('i->',np)"",t1,t2,'np.ndarray.sum','np.einsum'])"
https://www.kaggle.com/alishir/iterative-random-forest,D://crw_data//np.arange\source315,D://crw_data//np.arange\source315\code\np.sum_sum_replace0.py,"writer.writerow([url,112,'np.sum(np.sqrt(np.power(y_test-y_pre,2)))','(np.sqrt(np.power(y_test-y_pre).sum(2)))',t1,t2,'np.sum','np.ndarray.sum'])"
https://www.kaggle.com/alishir/iterative-random-forest,D://crw_data//np.arange\source315,D://crw_data//np.arange\source315\code\pd.Series.astype_replace0.py,"writer.writerow([url,29,'np.around(result).astype(int)','np.around(result).apply(int)',t1,t2,'pd.Series.astype','pd.Series.apply'])"
https://www.kaggle.com/wangquan/test1,D://crw_data//np.argmax\source76,D://crw_data//np.argmax\source76\code\np.array_fromiter_replace0.py,"writer.writerow([url,77,'np.array(X_train,dtype=np.float32)','np.fromiter(X_train,dtype=np.float32)',t1,t2,'np.array','np.fromiter'])"
https://www.kaggle.com/wangquan/test1,D://crw_data//np.argmax\source76,D://crw_data//np.argmax\source76\code\np.array_fromiter_replace1.py,"writer.writerow([url,78,'np.array(y_train,dtype=np.float32)','np.fromiter(y_train,dtype=np.float32)',t1,t2,'np.array','np.fromiter'])"
https://www.kaggle.com/wangquan/test1,D://crw_data//np.argmax\source76,D://crw_data//np.argmax\source76\code\np.ndarray.sum_count_nonzero_replace0.py,"writer.writerow([url,39,'np.exp(X).sum()','np.count_nonzero(np.exp(X),)',t1,t2,'np.ndarray.sum','np.count_nonzero'])"
https://www.kaggle.com/wangquan/test1,D://crw_data//np.argmax\source76,D://crw_data//np.argmax\source76\code\pd.DataFrame.iloc_replace0.py,"writer.writerow([url,26,'train_test.iloc[:len(y_train)]','train_test.iat[:len(y_train)]',t1,t2,'pd.DataFrame.iloc','pd.DataFrame.iat'])"
https://www.kaggle.com/wangquan/test1,D://crw_data//np.argmax\source76,D://crw_data//np.argmax\source76\code\pd.Series.astype_replace0.py,"writer.writerow([url,44,'(np.random.random_sample((num_input,num_hidden))-0.5).astype(np.float32)','(np.random.random_sample((num_input,num_hidden))-0.5).apply(np.float32)',t1,t2,'pd.Series.astype','pd.Series.apply'])"
https://www.kaggle.com/wangquan/test1,D://crw_data//np.argmax\source76,D://crw_data//np.argmax\source76\code\pd.Series.astype_replace3.py,"writer.writerow([url,47,'np.zeros((1,num_output)).astype(np.float32)','np.zeros((1,num_output)).apply(np.float32)',t1,t2,'pd.Series.astype','pd.Series.apply'])"
https://www.kaggle.com/lancerts/combined,D://crw_data//np.array\source1007,D://crw_data//np.array\source1007\code\pd.Series.astype_replace0.py,"writer.writerow([url,77,'test.id.values.astype(int)','test.id.values.apply(int)',t1,t2,'pd.Series.astype','pd.Series.apply'])"
https://www.kaggle.com/darrellulm/feature-elimination-another-test-run,D://crw_data//np.array\source1124,D://crw_data//np.array\source1124\code\pd.DataFrame.iloc_replace0.py,"writer.writerow([url,39,'train_test.iloc[:ntrain,:]','train_test.iat[:ntrain,:]',t1,t2,'pd.DataFrame.iloc','pd.DataFrame.iat'])"
https://www.kaggle.com/darrellulm/feature-elimination-another-test-run,D://crw_data//np.array\source1124,D://crw_data//np.array\source1124\code\pd.Series.astype_replace0.py,"writer.writerow([url,38,""train_test[cat_features[c]].astype('category')"",""train_test[cat_features[c]].apply('category')"",t1,t2,'pd.Series.astype','pd.Series.apply'])"
https://www.kaggle.com/opanichev/lightgbm-and-tf-idf-starter,D://crw_data//np.array\source19,D://crw_data//np.array\source19\code\pd.Series.astype_replace3.py,"writer.writerow([url,178,""pd.to_datetime(df['project_submitted_datetime']).values.astype(np.int64)"",""pd.to_datetime(df['project_submitted_datetime']).values.apply(np.int64)"",t1,t2,'pd.Series.astype','pd.Series.apply'])"
https://www.kaggle.com/jonmanly/first-fit-algorithm-two-pass-lb-31907-53,D://crw_data//np.array\source313,D://crw_data//np.array\source313\code\pd.DataFrame.iloc_replace0.py,"writer.writerow([url,91,'gifts.iloc[i]','gifts.iat[i]',t1,t2,'pd.DataFrame.iloc','pd.DataFrame.iat'])"
https://www.kaggle.com/inderpartap15/recurrence-relation,D://crw_data//np.array\source474,D://crw_data//np.array\source474\code\pd.Series.replace_map_replace0.py,"writer.writerow([url,19,'line.replace(\',)"",""line.map(\',\'\')',t1,t2,'pd.Series.replace','pd.Series.map'])"
https://www.kaggle.com/director/xgb-0-9674,D://crw_data//np.array\source891,D://crw_data//np.array\source891\code\pd.Series.astype_replace1.py,"writer.writerow([url,87,'train.astype(np.float32)','train.apply(np.float32)',t1,t2,'pd.Series.astype','pd.Series.apply'])"
https://www.kaggle.com/director/xgb-0-9674,D://crw_data//np.array\source891,D://crw_data//np.array\source891\code\pd.Series.astype_replace2.py,"writer.writerow([url,89,'test.astype(np.float32)','test.apply(np.float32)',t1,t2,'pd.Series.astype','pd.Series.apply'])"
https://www.kaggle.com/cttsai/ensemble-of-lightgbm-on-different-distributions,D://crw_data//np.zeros\source141,D://crw_data//np.zeros\source141\code\pd.Series.iloc_replace1.py,"writer.writerow([url,33,'y.iloc[trn_idx]','y.iat[trn_idx]',t1,t2,'pd.Series.iloc','pd.Series.iat'])"
https://www.kaggle.com/cttsai/ensemble-of-lightgbm-on-different-distributions,D://crw_data//np.zeros\source141,D://crw_data//np.zeros\source141\code\pd.Series.iloc_replace3.py,"writer.writerow([url,34,'y.iloc[val_idx]','y.iat[val_idx]',t1,t2,'pd.Series.iloc','pd.Series.iat'])"
https://www.kaggle.com/davidshinn/where-are-all-the-gifts,D://crw_data//pd.read_csv\source2771,D://crw_data//pd.read_csv\source2771\code\pd.Series.replace_map_replace0.py,"writer.writerow([url,19,'gifts.Weight.replace(1,np.nan)','gifts.Weight.map(1,np.nan)',t1,t2,'pd.Series.replace','pd.Series.map'])"
https://www.kaggle.com/hiendang/compute-auc-on-valid-set,D://crw_data//pd.read_csv\source3198,D://crw_data//pd.read_csv\source3198\code\pd.Series.replace_map_replace0.py,"writer.writerow([url,39,""weather.replace('M',-1)"",""weather.map('M',-1)"",t1,t2,'pd.Series.replace','pd.Series.map'])"
