D://crw_data//df.astype\source2,506
D://crw_data//df.astype\source2,506
D://crw_data//df.astype\source2,506
D://crw_data//df.astype\source2,506
D://crw_data//df.astype\source2,506
D://crw_data//df.astype\source2,506
D://crw_data//df.astype\source2,506
D://crw_data//df.astype\source2,506
D://crw_data//df.astype\source2,506
D://crw_data//df.astype\source2,506
D://crw_data//df.astype\source2,506
D://crw_data//df.astype\source2,506
D://crw_data//df.astype\source2,506
D://crw_data//df.astype\source2,506
D://crw_data//df.astype\source2,506
D://crw_data//df.astype\source2,506
D://crw_data//df.astype\source2,506
D://crw_data//df.astype\source2,506
D://crw_data//df.astype\source2,506
D://crw_data//df.astype\source2,506
D://crw_data//df.astype\source2,506
D://crw_data//df.astype\source2,506
D://crw_data//df.astype\source2,506
D://crw_data//df.astype\source2,506
D://crw_data//df.astype\source2,506
D://crw_data//df.astype\source2,506
D://crw_data//df.astype\source2,506
D://crw_data//df.astype\source2,506
D://crw_data//np.array\source1124,93
D://crw_data//df.astype\source2,506
D://crw_data//df.astype\source2,506
D://crw_data//df.astype\source2,506
D://crw_data//df.astype\source2,506
D://crw_data//df.astype\source2,506
D://crw_data//df.astype\source2,506
D://crw_data//df.astype\source2,506
D://crw_data//df.astype\source2,506
D://crw_data//df.astype\source2,506
D://crw_data//df.fillna\source13,472
D://crw_data//df.fillna\source13,472
D://crw_data//df.fillna\source13,472
D://crw_data//df.fillna\source13,472
D://crw_data//df.fillna\source13,472
D://crw_data//df.fillna\source13,472
D://crw_data//df.fillna\source13,472
D://crw_data//df.fillna\source13,472
D://crw_data//df.fillna\source13,472
D://crw_data//df.fillna\source13,472
D://crw_data//df.fillna\source13,472
D://crw_data//df.fillna\source13,472
D://crw_data//np.arange\source315,162
D://crw_data//np.arange\source315,162
D://crw_data//np.arange\source315,162
D://crw_data//np.arange\source315,162
D://crw_data//np.array\source1007,793
D://crw_data//np.array\source1007,793
D://crw_data//np.array\source1007,793
D://crw_data//np.append\source30,257
D://crw_data//np.arange\source315,162
D://crw_data//np.arange\source315,162
D://crw_data//np.arange\source315,162
D://crw_data//np.arange\source315,162
D://crw_data//np.arange\source315,162
D://crw_data//np.arange\source315,162
D://crw_data//np.arange\source315,162
D://crw_data//df.apply\source20,95
D://crw_data//df.apply\source20,95
D://crw_data//df.apply\source20,95
D://crw_data//np.arange\source215,235
D://crw_data//df.at\source14,58
D://crw_data//df.at\source14,58
D://crw_data//df.at\source14,58
D://crw_data//df.at\source14,58
D://crw_data//df.at\source14,58
D://crw_data//df.fillna\source33,219
D://crw_data//df.fillna\source33,219
D://crw_data//df.fillna\source33,219
D://crw_data//df.fillna\source33,219
D://crw_data//df.fillna\source33,219
D://crw_data//df.fillna\source33,219
D://crw_data//df.fillna\source33,219
D://crw_data//df.fillna\source33,219
D://crw_data//df.apply\source107,52
D://crw_data//df.apply\source107,52
D://crw_data//df.apply\source107,52
D://crw_data//df.fillna\source48,467
D://crw_data//df.fillna\source48,467
D://crw_data//df.fillna\source48,467
D://crw_data//df.fillna\source48,467
D://crw_data//df.fillna\source48,467
D://crw_data//df.fillna\source48,467
D://crw_data//df.fillna\source48,467
D://crw_data//df.fillna\source48,467
D://crw_data//df.fillna\source48,467
D://crw_data//df.fillna\source48,467
D://crw_data//df.fillna\source48,467
D://crw_data//df.fillna\source48,467
D://crw_data//df.fillna\source48,467
D://crw_data//df.fillna\source48,467
D://crw_data//df.fillna\source48,467
D://crw_data//df.apply\source42,98
D://crw_data//df.apply\source42,98
D://crw_data//np.zeros\source141,259
D://crw_data//np.zeros\source141,259
D://crw_data//np.zeros\source141,259
D://crw_data//np.zeros\source141,259
D://crw_data//np.zeros\source141,259
D://crw_data//np.zeros\source141,259
D://crw_data//np.zeros\source141,259
D://crw_data//np.zeros\source141,259
D://crw_data//np.zeros\source141,259
D://crw_data//np.zeros\source141,259
D://crw_data//np.zeros\source141,259
D://crw_data//df.fillna\source10,303
D://crw_data//df.fillna\source10,303
D://crw_data//df.fillna\source10,303
D://crw_data//df.fillna\source10,303
D://crw_data//df.fillna\source10,303
D://crw_data//np.array\source1124,93
D://crw_data//np.array\source1124,93
D://crw_data//np.array\source891,125
D://crw_data//np.array\source891,125
D://crw_data//np.array\source474,129
D://crw_data//np.array\source474,129
D://crw_data//np.array\source1124,93
D://crw_data//np.array\source1124,93
D://crw_data//np.array\source1124,93
D://crw_data//np.array\source1124,93
D://crw_data//np.array\source1124,93
D://crw_data//pd.read_csv\source2771,38
D://crw_data//pd.read_csv\source2771,38
D://crw_data//np.array\source474,129
D://crw_data//np.array\source474,129
D://crw_data//np.array\source313,163
D://crw_data//np.array\source313,163
D://crw_data//np.array\source891,125
D://crw_data//np.array\source891,125
D://crw_data//np.array\source891,125
D://crw_data//np.array\source891,125
D://crw_data//np.array\source891,125
D://crw_data//df.iloc\source70,382
D://crw_data//df.iloc\source70,382
D://crw_data//df.iloc\source70,382
D://crw_data//df.iloc\source70,382
D://crw_data//df.iloc\source70,382
D://crw_data//df.iloc\source70,382
D://crw_data//df.iloc\source70,382
D://crw_data//df.iloc\source70,382
D://crw_data//df.iloc\source70,382
D://crw_data//df.iloc\source70,382
D://crw_data//df.iloc\source70,382
D://crw_data//df.iloc\source70,382
D://crw_data//df.iloc\source70,382
D://crw_data//df.iloc\source70,382
D://crw_data//df.iloc\source70,382
D://crw_data//df.loc\source106,635
D://crw_data//df.loc\source106,635
D://crw_data//df.loc\source106,635
D://crw_data//df.loc\source106,635
D://crw_data//df.loc\source106,635
D://crw_data//df.loc\source106,635
D://crw_data//df.loc\source106,635
D://crw_data//df.loc\source106,635
D://crw_data//df.loc\source106,635
D://crw_data//df.loc\source106,635
D://crw_data//df.loc\source106,635
D://crw_data//df.loc\source106,635
D://crw_data//df.iloc\source20,91
D://crw_data//df.iloc\source20,91
D://crw_data//df.iloc\source20,91
D://crw_data//df.iloc\source20,91
D://crw_data//df.iloc\source20,91
D://crw_data//df.iloc\source20,91
D://crw_data//df.iloc\source20,91
D://crw_data//df.iloc\source20,91
D://crw_data//df.iloc\source20,91
D://crw_data//df.iloc\source20,91
D://crw_data//df.fillna\source54,541
D://crw_data//df.fillna\source54,541
D://crw_data//df.fillna\source54,541
D://crw_data//df.fillna\source54,541
D://crw_data//df.fillna\source54,541
D://crw_data//df.fillna\source54,541
D://crw_data//df.fillna\source54,541
D://crw_data//df.fillna\source54,541
D://crw_data//df.fillna\source54,541
D://crw_data//df.fillna\source54,541
D://crw_data//df.apply\source37,242
D://crw_data//df.apply\source37,242
D://crw_data//df.apply\source37,242
D://crw_data//df.apply\source37,242
D://crw_data//df.apply\source37,242
D://crw_data//df.apply\source37,242
D://crw_data//np.arange\source311,174
D://crw_data//np.arange\source311,174
D://crw_data//np.arange\source311,174
D://crw_data//np.arange\source311,174
D://crw_data//np.arange\source311,174
D://crw_data//np.arange\source311,174
D://crw_data//np.arange\source311,174
D://crw_data//np.arange\source311,174
D://crw_data//np.arange\source311,174
D://crw_data//np.arange\source311,174
D://crw_data//np.arange\source311,174
D://crw_data//np.arange\source311,174
D://crw_data//np.arange\source311,174
D://crw_data//np.arange\source311,174
D://crw_data//np.arange\source311,174
D://crw_data//np.arange\source311,174
D://crw_data//np.arange\source311,174
D://crw_data//np.arange\source311,174
D://crw_data//np.arange\source311,174
D://crw_data//np.arange\source311,174
D://crw_data//np.arange\source311,174
D://crw_data//np.arange\source311,174
D://crw_data//np.arange\source311,174
D://crw_data//np.arange\source311,174
D://crw_data//np.arange\source311,174
D://crw_data//np.arange\source311,174
D://crw_data//np.arange\source311,174
D://crw_data//pd.read_csv\source3198,121
D://crw_data//pd.read_csv\source3198,121
D://crw_data//pd.read_csv\source3198,121
D://crw_data//np.array\source313,163
D://crw_data//np.array\source313,163
D://crw_data//np.array\source1007,793
D://crw_data//np.array\source1007,793
D://crw_data//np.array\source1007,793
D://crw_data//np.array\source1007,793
D://crw_data//np.array\source1007,793
D://crw_data//np.array\source1007,793
D://crw_data//np.array\source474,129
D://crw_data//np.array\source474,129
D://crw_data//np.array\source474,129
D://crw_data//np.array\source474,129
D://crw_data//np.array\source474,129
D://crw_data//np.array\source474,129
D://crw_data//np.array\source474,129
D://crw_data//df.apply\source25,134
D://crw_data//df.apply\source25,134
D://crw_data//np.append\source30,257
D://crw_data//df.iloc\source65,872
D://crw_data//np.append\source5,79
D://crw_data//np.arange\source253,383
D://crw_data//np.arange\source253,383
D://crw_data//np.arange\source253,383
D://crw_data//np.array\source313,163
D://crw_data//np.array\source313,163
D://crw_data//np.array\source313,163
D://crw_data//np.array\source313,163
D://crw_data//np.array\source313,163
D://crw_data//df.iloc\source73,205
D://crw_data//df.iloc\source73,205
D://crw_data//df.iloc\source73,205
D://crw_data//df.iloc\source73,205
D://crw_data//df.iloc\source73,205
D://crw_data//df.iloc\source73,205
D://crw_data//df.iloc\source73,205
D://crw_data//df.iloc\source73,205
D://crw_data//df.iloc\source73,205
D://crw_data//df.iloc\source60,44
D://crw_data//df.iloc\source60,44
D://crw_data//np.array\source1007,793
D://crw_data//np.array\source1007,793
D://crw_data//np.array\source19,330
D://crw_data//np.array\source19,330
D://crw_data//np.array\source19,330
D://crw_data//np.argmax\source76,87
D://crw_data//np.argmax\source76,87
D://crw_data//np.argmax\source76,87
D://crw_data//np.array\source1007,793
D://crw_data//np.array\source1007,793
D://crw_data//np.array\source1007,793
D://crw_data//np.array\source1007,793
D://crw_data//np.array\source1007,793
D://crw_data//np.array\source1007,793
D://crw_data//np.append\source30,257
D://crw_data//np.append\source30,257
D://crw_data//np.arange\source315,162
D://crw_data//np.array\source1007,793
D://crw_data//np.array\source1007,793
D://crw_data//np.array\source1007,793
D://crw_data//np.array\source1007,793
D://crw_data//np.array\source1007,793
D://crw_data//np.array\source1007,793
D://crw_data//np.array\source1007,793
D://crw_data//df.iloc\source56,154
D://crw_data//df.iloc\source56,154
D://crw_data//df.iloc\source56,154
D://crw_data//df.iloc\source56,154
D://crw_data//df.iloc\source56,154
D://crw_data//df.iloc\source56,154
D://crw_data//df.iloc\source56,154
D://crw_data//df.iloc\source56,154
D://crw_data//df.iloc\source56,154
D://crw_data//np.abs\source9,178
D://crw_data//df.fillna\source44,149
D://crw_data//df.fillna\source44,149
D://crw_data//df.fillna\source44,149
D://crw_data//df.fillna\source44,149
D://crw_data//df.fillna\source44,149
D://crw_data//df.fillna\source44,149
D://crw_data//df.fillna\source44,149
D://crw_data//df.fillna\source44,149
D://crw_data//df.fillna\source44,149
D://crw_data//df.fillna\source44,149
D://crw_data//df.fillna\source44,149
D://crw_data//df.fillna\source44,149
D://crw_data//df.apply\source25,134
D://crw_data//df.apply\source25,134
D://crw_data//df.apply\source25,134
D://crw_data//df.apply\source25,134
D://crw_data//df.apply\source25,134
D://crw_data//df.apply\source25,134
D://crw_data//df.apply\source25,134
D://crw_data//df.apply\source20,95
D://crw_data//df.apply\source20,95
D://crw_data//df.apply\source13,62
D://crw_data//df.apply\source13,62
D://crw_data//df.apply\source20,95
D://crw_data//df.iloc\source12,309
D://crw_data//df.iloc\source12,309
D://crw_data//df.iloc\source12,309
D://crw_data//df.iloc\source12,309
D://crw_data//df.iloc\source12,309
D://crw_data//df.iloc\source12,309
D://crw_data//df.iloc\source12,309
D://crw_data//df.iloc\source12,309
D://crw_data//df.iloc\source12,309
D://crw_data//df.iloc\source12,309
D://crw_data//df.iloc\source12,309
D://crw_data//df.iloc\source12,309
D://crw_data//df.iloc\source12,309
D://crw_data//df.iloc\source12,309
D://crw_data//df.iloc\source12,309
D://crw_data//df.iloc\source12,309
D://crw_data//df.iloc\source12,309
D://crw_data//df.apply\source40,412
D://crw_data//df.apply\source40,412
D://crw_data//df.apply\source20,95
D://crw_data//df.apply\source42,98
D://crw_data//df.apply\source42,98
D://crw_data//df.apply\source40,412
D://crw_data//df.iloc\source87,142
D://crw_data//df.iloc\source87,142
D://crw_data//df.iloc\source87,142
D://crw_data//np.arange\source315,162
D://crw_data//np.arange\source315,162
D://crw_data//np.arange\source315,162
D://crw_data//np.append\source30,257
D://crw_data//np.append\source30,257
D://crw_data//np.append\source30,257
D://crw_data//np.append\source30,257
D://crw_data//np.append\source30,257
D://crw_data//np.append\source30,257
D://crw_data//np.append\source30,257
D://crw_data//np.append\source30,257
D://crw_data//np.append\source30,257
D://crw_data//np.append\source30,257
D://crw_data//np.append\source30,257
D://crw_data//np.array\source1007,793
D://crw_data//np.array\source1007,793
D://crw_data//np.array\source1007,793
D://crw_data//df.apply\source42,98
D://crw_data//df.iloc\source65,872
D://crw_data//df.iloc\source65,872
D://crw_data//df.iloc\source65,872
D://crw_data//df.iloc\source65,872
D://crw_data//df.iloc\source65,872
D://crw_data//df.iloc\source65,872
D://crw_data//df.iloc\source65,872
D://crw_data//df.iloc\source65,872
D://crw_data//df.iloc\source65,872
D://crw_data//df.iloc\source65,872
D://crw_data//df.iloc\source65,872
D://crw_data//df.iloc\source65,872
D://crw_data//df.iloc\source65,872
D://crw_data//df.iloc\source65,872
D://crw_data//df.iloc\source65,872
D://crw_data//df.iloc\source65,872
D://crw_data//df.iloc\source65,872
D://crw_data//df.iloc\source65,872
D://crw_data//df.iloc\source65,872
D://crw_data//df.iloc\source65,872
D://crw_data//df.iloc\source65,872
D://crw_data//df.iloc\source65,872
D://crw_data//df.iloc\source65,872
D://crw_data//df.iloc\source65,872
D://crw_data//df.iloc\source65,872
D://crw_data//df.iloc\source65,872
D://crw_data//df.iloc\source65,872
D://crw_data//df.apply\source42,98
D://crw_data//df.iloc\source65,872
D://crw_data//df.iloc\source65,872
D://crw_data//df.iloc\source65,872
D://crw_data//df.iloc\source65,872
D://crw_data//df.iloc\source65,872
D://crw_data//df.iloc\source65,872
D://crw_data//df.iloc\source65,872
D://crw_data//df.iloc\source65,872
D://crw_data//df.iloc\source65,872
D://crw_data//df.apply\source42,98
D://crw_data//df.apply\source42,98
D://crw_data//df.apply\source42,98
D://crw_data//df.apply\source42,98
D://crw_data//np.array\source891,125
D://crw_data//np.array\source891,125
D://crw_data//np.array\source891,125
D://crw_data//np.array\source891,125
D://crw_data//df.fillna\source54,541
D://crw_data//df.fillna\source54,541
D://crw_data//df.fillna\source54,541
D://crw_data//df.fillna\source54,541
D://crw_data//df.apply\source37,242
D://crw_data//df.apply\source37,242
D://crw_data//np.array\source19,330
D://crw_data//np.array\source19,330
D://crw_data//np.array\source19,330
D://crw_data//np.array\source19,330
D://crw_data//df.iloc\source62,1075
D://crw_data//df.iloc\source62,1075
D://crw_data//df.iloc\source62,1075
D://crw_data//df.iloc\source62,1075
D://crw_data//df.iloc\source62,1075
D://crw_data//df.iloc\source62,1075
D://crw_data//df.iloc\source62,1075
D://crw_data//df.iloc\source62,1075
D://crw_data//df.iloc\source62,1075
D://crw_data//df.iloc\source62,1075
D://crw_data//df.iloc\source62,1075
D://crw_data//df.iloc\source62,1075
D://crw_data//df.iloc\source62,1075
D://crw_data//df.iloc\source62,1075
D://crw_data//df.iloc\source62,1075
D://crw_data//df.iloc\source62,1075
D://crw_data//df.iloc\source62,1075
D://crw_data//df.iloc\source62,1075
D://crw_data//df.iloc\source62,1075
D://crw_data//df.iloc\source62,1075
D://crw_data//df.iloc\source62,1075
D://crw_data//df.iloc\source62,1075
D://crw_data//df.iloc\source62,1075
D://crw_data//df.iloc\source62,1075
D://crw_data//df.iloc\source62,1075
D://crw_data//df.iloc\source62,1075
D://crw_data//pd.read_csv\source3198,121
D://crw_data//pd.read_csv\source3198,121
D://crw_data//pd.read_csv\source3198,121
D://crw_data//pd.read_csv\source3198,121
D://crw_data//np.array\source313,163
D://crw_data//np.array\source1007,793
D://crw_data//np.array\source1007,793
D://crw_data//df.apply\source13,62
D://crw_data//df.apply\source13,62
D://crw_data//df.apply\source40,412
D://crw_data//df.apply\source40,412
D://crw_data//df.apply\source17,118
D://crw_data//df.iloc\source65,872
D://crw_data//df.iloc\source62,1075
D://crw_data//df.iloc\source62,1075
D://crw_data//df.iloc\source62,1075
D://crw_data//df.iloc\source62,1075
D://crw_data//df.iloc\source62,1075
D://crw_data//df.iloc\source62,1075
D://crw_data//df.iloc\source62,1075
D://crw_data//df.iloc\source62,1075
D://crw_data//df.iloc\source62,1075
D://crw_data//df.iloc\source62,1075
D://crw_data//df.iloc\source62,1075
D://crw_data//df.iloc\source62,1075
D://crw_data//df.iloc\source62,1075
D://crw_data//df.iloc\source62,1075
D://crw_data//df.iloc\source62,1075
D://crw_data//df.iloc\source62,1075
D://crw_data//df.iloc\source62,1075
D://crw_data//df.iloc\source62,1075
D://crw_data//df.iloc\source62,1075
D://crw_data//df.iloc\source62,1075
D://crw_data//df.iloc\source62,1075
D://crw_data//df.replace\source1,169
D://crw_data//df.replace\source1,169
D://crw_data//df.replace\source1,169
D://crw_data//df.replace\source1,169
D://crw_data//df.replace\source1,169
D://crw_data//df.replace\source1,169
D://crw_data//df.replace\source1,169
D://crw_data//df.replace\source1,169
D://crw_data//df.replace\source1,169
D://crw_data//df.replace\source1,169
D://crw_data//df.replace\source1,169
D://crw_data//df.replace\source1,169
D://crw_data//df.replace\source1,169
D://crw_data//df.sum\source5,100
D://crw_data//df.sum\source5,100
D://crw_data//df.sum\source5,100
D://crw_data//df.sum\source5,100
D://crw_data//df.sum\source5,100
D://crw_data//np.append\source5,79
D://crw_data//df.iloc\source79,106
D://crw_data//df.iloc\source79,106
D://crw_data//df.iloc\source79,106
D://crw_data//np.arange\source120,381
D://crw_data//np.arange\source120,381
D://crw_data//np.arange\source120,381
D://crw_data//np.arange\source120,381
D://crw_data//np.arange\source120,381
D://crw_data//np.arange\source120,381
D://crw_data//np.arange\source120,381
D://crw_data//np.arange\source120,381
D://crw_data//np.arange\source120,381
D://crw_data//np.arange\source120,381
D://crw_data//np.arange\source120,381
D://crw_data//np.arange\source120,381
D://crw_data//np.arange\source120,381
D://crw_data//np.arange\source120,381
D://crw_data//np.arange\source120,381
D://crw_data//np.arange\source120,381
D://crw_data//np.arange\source120,381
D://crw_data//np.arange\source120,381
D://crw_data//np.arange\source120,381
D://crw_data//df.apply\source14,187
D://crw_data//df.apply\source14,187
D://crw_data//df.apply\source14,187
D://crw_data//df.apply\source14,187
D://crw_data//df.apply\source14,187
D://crw_data//df.apply\source14,187
D://crw_data//df.apply\source14,187
D://crw_data//df.apply\source14,187
D://crw_data//df.apply\source14,187
D://crw_data//df.apply\source14,187
D://crw_data//df.apply\source14,187
D://crw_data//df.apply\source14,187
D://crw_data//df.apply\source14,187
D://crw_data//df.apply\source14,187
D://crw_data//df.apply\source14,187
D://crw_data//df.apply\source14,187
D://crw_data//df.apply\source14,187
D://crw_data//df.apply\source14,187
D://crw_data//df.apply\source14,187
D://crw_data//df.apply\source14,187
D://crw_data//df.apply\source14,187
D://crw_data//df.apply\source14,187
D://crw_data//df.apply\source14,187
D://crw_data//df.apply\source14,187
D://crw_data//df.apply\source14,187
D://crw_data//df.apply\source14,187
D://crw_data//df.apply\source14,187
D://crw_data//df.apply\source14,187
D://crw_data//np.arange\source232,720
D://crw_data//np.arange\source232,720
D://crw_data//np.arange\source232,720
D://crw_data//np.arange\source232,720
D://crw_data//np.arange\source232,720
D://crw_data//np.arange\source232,720
D://crw_data//np.arange\source232,720
D://crw_data//np.arange\source232,720
D://crw_data//np.arange\source232,720
D://crw_data//np.arange\source232,720
D://crw_data//np.arange\source232,720
D://crw_data//np.arange\source232,720
D://crw_data//np.arange\source232,720
D://crw_data//np.arange\source232,720
D://crw_data//np.arange\source232,720
D://crw_data//np.arange\source232,720
D://crw_data//np.arange\source232,720
D://crw_data//np.arange\source232,720
D://crw_data//np.arange\source232,720
D://crw_data//np.arange\source232,720
D://crw_data//np.arange\source232,720
D://crw_data//np.arange\source232,720
D://crw_data//np.arange\source232,720
D://crw_data//df.merge\source88,70
D://crw_data//df.merge\source88,70
D://crw_data//df.merge\source88,70
D://crw_data//np.append\source30,257
D://crw_data//np.append\source30,257
D://crw_data//np.append\source30,257
D://crw_data//df.merge\source88,70
D://crw_data//df.merge\source88,70
D://crw_data//df.merge\source88,70
D://crw_data//df.merge\source88,70
D://crw_data//df.merge\source88,70
D://crw_data//df.apply\source38,181
D://crw_data//df.apply\source38,181
D://crw_data//df.apply\source38,181
D://crw_data//df.apply\source38,181
D://crw_data//df.apply\source38,181
D://crw_data//df.apply\source38,181
D://crw_data//df.apply\source38,181
D://crw_data//df.apply\source38,181
D://crw_data//df.apply\source38,181
D://crw_data//df.apply\source38,181
D://crw_data//df.apply\source38,181
D://crw_data//df.apply\source38,181
D://crw_data//np.argmax\source76,87
D://crw_data//np.argmax\source76,87
D://crw_data//np.argmax\source76,87
D://crw_data//np.argmax\source76,87
D://crw_data//np.argmax\source76,87
D://crw_data//np.argmax\source76,87
D://crw_data//np.argmax\source76,87
D://crw_data//np.argmax\source76,87
D://crw_data//np.argmax\source76,87
D://crw_data//np.argmax\source76,87
D://crw_data//np.argmax\source76,87
D://crw_data//np.argmax\source76,87
D://crw_data//np.argmax\source76,87
D://crw_data//df.apply\source23,134
D://crw_data//df.apply\source23,134
D://crw_data//df.apply\source23,134
D://crw_data//df.apply\source23,134
D://crw_data//df.apply\source10,283
D://crw_data//df.apply\source10,283
D://crw_data//df.apply\source10,283
D://crw_data//df.apply\source10,283
D://crw_data//df.apply\source10,283
D://crw_data//np.append\source15,130
D://crw_data//np.append\source15,130
D://crw_data//np.append\source15,130
D://crw_data//np.append\source15,130
D://crw_data//np.append\source15,130
D://crw_data//np.arange\source253,383
D://crw_data//np.arange\source253,383
D://crw_data//np.arange\source253,383
D://crw_data//np.arange\source253,383
D://crw_data//np.arange\source253,383
D://crw_data//np.arange\source253,383
D://crw_data//np.arange\source253,383
D://crw_data//np.arange\source253,383
D://crw_data//np.arange\source253,383
D://crw_data//df.fillna\source3,93
D://crw_data//df.fillna\source3,93
D://crw_data//df.iloc\source31,130
D://crw_data//df.iloc\source31,130
D://crw_data//df.iloc\source31,130
D://crw_data//df.iloc\source31,130
D://crw_data//df.iloc\source31,130
D://crw_data//df.iloc\source31,130
D://crw_data//df.iloc\source31,130
D://crw_data//df.iloc\source31,130
D://crw_data//df.iloc\source31,130
D://crw_data//df.iloc\source31,130
D://crw_data//df.iloc\source31,130
D://crw_data//df.iloc\source31,130
D://crw_data//df.iloc\source31,130
D://crw_data//df.iloc\source31,130
D://crw_data//df.iloc\source31,130
D://crw_data//df.iloc\source31,130
D://crw_data//df.iloc\source31,130
D://crw_data//df.iloc\source31,130
D://crw_data//df.iloc\source31,130
D://crw_data//df.iloc\source31,130
D://crw_data//df.iloc\source31,130
D://crw_data//df.iloc\source30,126
D://crw_data//df.iloc\source30,126
D://crw_data//df.iloc\source30,126
D://crw_data//df.iloc\source30,126
D://crw_data//df.iloc\source30,126
D://crw_data//df.iloc\source30,126
D://crw_data//df.iloc\source30,126
D://crw_data//np.arange\source150,171
D://crw_data//np.arange\source150,171
D://crw_data//np.arange\source150,171
D://crw_data//np.arange\source150,171
D://crw_data//np.arange\source150,171
D://crw_data//np.arange\source150,171
D://crw_data//np.arange\source150,171
