https://www.kaggle.com/darrellulm/feature-elimination-another-test-run,D://crw_data//np.array\source1124,D://crw_data//np.array\source1124\code\np.array_concatenate_replace0.py,23,np.array(train['y']),np.concatenate([train['y']]),np.array,np.concatenate,4.15E-05,3.99E-05
https://www.kaggle.com/darrellulm/feature-elimination-another-test-run,D://crw_data//np.array\source1124,D://crw_data//np.array\source1124\code\np.array_concatenate_replace1.py,41,np.array(trainc),np.concatenate([trainc]),np.array,np.concatenate,0.026199179,0.024035168
https://www.kaggle.com/darrellulm/feature-elimination-another-test-run,D://crw_data//np.array\source1124,D://crw_data//np.array\source1124\code\np.array_concatenate_replace2.py,42,np.array(testc),np.concatenate([testc]),np.array,np.concatenate,0.016609186,0.014390853
https://www.kaggle.com/director/xgb-0-9674,D://crw_data//np.array\source891,D://crw_data//np.array\source891\code\np.array_concatenate_replace0.py,86,np.array(train),np.concatenate([train]),np.array,np.concatenate,4.25E-06,3.68E-06
https://www.kaggle.com/director/xgb-0-9674,D://crw_data//np.array\source891,D://crw_data//np.array\source891\code\np.array_concatenate_replace1.py,88,np.array(test),np.concatenate([test]),np.array,np.concatenate,0.001889203,0.001489261
https://www.kaggle.com/inderpartap15/recurrence-relation,D://crw_data//np.array\source474,D://crw_data//np.array\source474\code\np.array_concatenate_replace0.py,69,np.array(A),np.concatenate([A]),np.array,np.concatenate,0.019582019,0.018133425
https://www.kaggle.com/inderpartap15/recurrence-relation,D://crw_data//np.array\source474,D://crw_data//np.array\source474\code\np.array_concatenate_replace1.py,69,np.array(b),np.concatenate([b]),np.array,np.concatenate,0.027547208,0.024703307
https://www.kaggle.com/inderpartap15/recurrence-relation,D://crw_data//np.array\source474,D://crw_data//np.array\source474\code\np.array_concatenate_replace2.py,93,np.array(seq[i-order:i]),np.concatenate([seq[i-order:i]]),np.array,np.concatenate,1.25E-05,1.15E-05
https://www.kaggle.com/inderpartap15/recurrence-relation,D://crw_data//np.array\source474,D://crw_data//np.array\source474\code\np.array_concatenate_replace3.py,127,np.array(seq[-order:]),np.concatenate([seq[-order:]]),np.array,np.concatenate,0.000939587,0.000914602
https://www.kaggle.com/jonmanly/first-fit-algorithm-two-pass-lb-31907-53,D://crw_data//np.array\source313,D://crw_data//np.array\source313\code\np.array_concatenate_replace0.py,24,np.array(allScores),np.concatenate([allScores]),np.array,np.concatenate,1.18E-06,1.78E-06
https://www.kaggle.com/jonmanly/first-fit-algorithm-two-pass-lb-31907-53,D://crw_data//np.array\source313,D://crw_data//np.array\source313\code\np.array_concatenate_replace1.py,57,np.array(allW),np.concatenate([allW]),np.array,np.concatenate,3.01E-06,3.66E-06
https://www.kaggle.com/jonmanly/first-fit-algorithm-two-pass-lb-31907-53,D://crw_data//np.array\source313,D://crw_data//np.array\source313\code\np.array_concatenate_replace2.py,60,np.array([gift_weight(x)forxinbag]),np.concatenate([[gift_weight(x)forxinbag]]),np.array,np.concatenate,4.15E-05,3.99E-05
https://www.kaggle.com/jonmanly/first-fit-algorithm-two-pass-lb-31907-53,D://crw_data//np.array\source313,D://crw_data//np.array\source313\code\np.array_concatenate_replace3.py,67,np.array(allWeights),np.concatenate([allWeights]),np.array,np.concatenate,0.026199179,0.024035168
https://www.kaggle.com/nishadi/breeds,D://crw_data//np.append\source30,D://crw_data//np.append\source30\code\np.array_concatenate_replace0.py,27,np.array(outcome_dog),np.concatenate([outcome_dog]),np.array,np.concatenate,0.016609186,0.014390853
https://www.kaggle.com/ogrellier/multi-core-aggregations,D://crw_data//df.iloc\source65,D://crw_data//df.iloc\source65\code\np.array_concatenate_replace0.py,211,np.array([class_weight[k]forkinsorted(class_weight.keys())]),np.concatenate([[class_weight[k]forkinsorted(class_weight.keys())]]),np.array,np.concatenate,4.25E-06,3.68E-06
https://www.kaggle.com/sgorlick/simple-trial-using-only-numpy,D://crw_data//np.append\source5,D://crw_data//np.append\source5\code\np.array_concatenate_replace0.py,39,np.array([[0]]),np.concatenate([[[0]]]),np.array,np.concatenate,0.001889203,0.001489261
https://www.kaggle.com/xingyang/show-me-the-fishes-object-localization-with-cnn,D://crw_data//np.arange\source253,D://crw_data//np.arange\source253\code\np.array_concatenate_replace0.py,148,np.array(image_path_list),np.concatenate([image_path_list]),np.array,np.concatenate,0.019582019,0.018133425
https://www.kaggle.com/xingyang/show-me-the-fishes-object-localization-with-cnn,D://crw_data//np.arange\source253,D://crw_data//np.arange\source253\code\np.array_concatenate_replace2.py,241,np.array(annotation_list),np.concatenate([annotation_list]),np.array,np.concatenate,0.027547208,0.024703307
https://www.kaggle.com/xingyang/show-me-the-fishes-object-localization-with-cnn,D://crw_data//np.arange\source253,D://crw_data//np.arange\source253\code\np.array_concatenate_replace3.py,257,np.array(localization_list),np.concatenate([localization_list]),np.array,np.concatenate,1.25E-05,1.15E-05
https://www.kaggle.com/lancerts/combined,D://crw_data//np.array\source1007,D://crw_data//np.array\source1007\code\np.array_fromiter_replace0.py,505,"np.array(rater_a,dtype=int)","np.fromiter(rater_a,dtype=int)",np.array,np.fromiter,1.77E-06,7.14E-07
https://www.kaggle.com/lancerts/combined,D://crw_data//np.array\source1007,D://crw_data//np.array\source1007\code\np.array_fromiter_replace1.py,507,"np.array(rater_b,dtype=int)","np.fromiter(rater_b,dtype=int)",np.array,np.fromiter,2.53E-06,0.000666956
https://www.kaggle.com/opanichev/lightgbm-and-tf-idf-starter,D://crw_data//np.array\source19,D://crw_data//np.array\source19\code\np.array_fromiter_replace0.py,203,"np.array(tfidf.transform(train[c]).toarray(),dtype=np.float16)","np.fromiter(tfidf.transform(train[c]).tofromiter(),dtype=np.float16)",np.array,np.fromiter,1.46E-06,2.28E-06
https://www.kaggle.com/opanichev/lightgbm-and-tf-idf-starter,D://crw_data//np.array\source19,D://crw_data//np.array\source19\code\np.array_fromiter_replace1.py,204,"np.array(tfidf.transform(test[c]).toarray(),dtype=np.float16)","np.fromiter(tfidf.transform(test[c]).tofromiter(),dtype=np.float16)",np.array,np.fromiter,8.00E-05,0.00013482
https://www.kaggle.com/opanichev/lightgbm-and-tf-idf-starter,D://crw_data//np.array\source19,D://crw_data//np.array\source19\code\np.array_fromiter_replace2.py,310,"np.array(p,dtype=np.float16)","np.fromiter(p,dtype=np.float16)",np.array,np.fromiter,4.36E-06,1.78E-05
https://www.kaggle.com/wangquan/test1,D://crw_data//np.argmax\source76,D://crw_data//np.argmax\source76\code\np.array_fromiter_replace2.py,86,"np.array(monster,dtype=np.float32)","np.fromiter(monster,dtype=np.float32)",np.array,np.fromiter,7.21E-07,1.14E-06
https://www.kaggle.com/drarfc/script-competition-facebook-v-2-1,D://crw_data//df.loc\source106,D://crw_data//df.loc\source106\code\np.column_stack_vstack_replace0.py,163,"np.column_stack((row_ids,pred_labels))","np.vstack((row_ids.T,pred_labels.T)).T",np.column_stack,np.vstack,5.94E-05,4.88E-05
https://www.kaggle.com/kevinwu06/feature-importance-w-xgboost,D://crw_data//df.iloc\source73,D://crw_data//df.iloc\source73\code\np.column_stack_transpose_replace0.py,203,"np.column_stack((ids,cts))","np.transpose((ids,cts))",np.column_stack,np.transpose,6.90E-05,4.05E-05
https://www.kaggle.com/lancerts/combined,D://crw_data//np.array\source1007,D://crw_data//np.array\source1007\code\np.column_stack_transpose_replace0.py,741,"np.column_stack([P,SVD])","np.transpose([P,SVD])",np.column_stack,np.transpose,1.45E-05,1.48E-05
https://www.kaggle.com/lancerts/combined,D://crw_data//np.array\source1007,D://crw_data//np.array\source1007\code\np.column_stack_transpose_replace1.py,783,"np.column_stack([1.4*p3,0.6*p4])","np.transpose([1.4*p3,0.6*p4])",np.column_stack,np.transpose,3.15E-05,0.0001326
https://www.kaggle.com/lancerts/combined,D://crw_data//np.array\source1007,D://crw_data//np.array\source1007\code\np.column_stack_vstack_replace0.py,741,"np.column_stack([P,SVD])","np.vstack((P.T,SVD.T)).T",np.column_stack,np.vstack,4.04E-05,4.17E-05
https://www.kaggle.com/lancerts/combined,D://crw_data//np.array\source1007,D://crw_data//np.array\source1007\code\np.column_stack_vstack_replace1.py,783,"np.column_stack([1.4*p3,0.6*p4])","np.vstack((1.4*p3.T,0.6*p4.T)).T",np.column_stack,np.vstack,4.50E-05,4.78E-05
https://www.kaggle.com/zeta2191622/how-to-get-a-score-of-0-894-in-two-minutes,D://crw_data//np.arange\source150,D://crw_data//np.arange\source150\code\np.full_empty_replace0.py,26,"np.full((1000000,1000),-1,dtype=np.int16)","np.empty((1000000,1000),dtype=np.int16);r2[:]=-1",np.full,np.empty,1.007894513,0.159623578
https://www.kaggle.com/zeta2191622/how-to-get-a-score-of-0-894-in-two-minutes,D://crw_data//np.arange\source150,D://crw_data//np.arange\source150\code\np.full_empty_replace1.py,31,"np.full((1000,1000000),-1,dtype=np.int16)","np.empty((1000,1000000),dtype=np.int16);r2[:]=-1",np.full,np.empty,0.933577767,0.162290935
https://www.kaggle.com/zeta2191622/how-to-get-a-score-of-0-894-in-two-minutes,D://crw_data//np.arange\source150,D://crw_data//np.arange\source150\code\np.full_empty_replace1.py,31,"np.full((1000,1000000),-1,dtype=np.int16)","np.empty((1000,1000000),dtype=np.int16);r2[:]=-1",np.full,np.empty,1.007894513,0.159623578
https://www.kaggle.com/heaviside9/sklearn-linear-regression-benchmark,D://crw_data//np.arange\source311,D://crw_data//np.arange\source311\code\np.ndarray.dot_tensordot_replace0.py,33,sa.T.dot(sb),"np.tensordot(sa.T,sb,axes=1)",np.ndarray.dot,np.tensordot,0.000277541,0.000210035
https://www.kaggle.com/inderpartap15/recurrence-relation,D://crw_data//np.array\source474,D://crw_data//np.array\source474\code\np.ndarray.dot_tensordot_replace0.py,85,np.linalg.inv(A).dot(b),"np.tensordot(np.linalg.inv(A),b,axes=1)",np.ndarray.dot,np.tensordot,0.000430955,0.000403603
https://www.kaggle.com/lancerts/combined,D://crw_data//np.array\source1007,D://crw_data//np.array\source1007\code\np.ndarray.dot_tensordot_replace0.py,211,row[:row.shape[0]/2].dot(row[row.shape[0]/2:]),"np.tensordot(row[:row.shape[0]/2],row[row.shape[0]/2:],axes=1)",np.ndarray.dot,np.tensordot,0.000316585,0.000240666
https://www.kaggle.com/dollardollar/importance-of-address-features,D://crw_data//df.iloc\source70,D://crw_data//df.iloc\source70\code\np.ndarray.sum_count_nonzero_replace0.py,180,x.sum(),"np.count_nonzero(x,)",np.ndarray.sum,np.count_nonzero,0.000476485,0.000355116
https://www.kaggle.com/heaviside9/sklearn-linear-regression-benchmark,D://crw_data//np.arange\source311,D://crw_data//np.arange\source311\code\np.ndarray.sum_count_nonzero_replace1.py,34,sb.sum(axis=0),"np.count_nonzero(sb,axis=0)",np.ndarray.sum,np.count_nonzero,0.000180199,0.000786446
https://www.kaggle.com/heaviside9/sklearn-linear-regression-benchmark,D://crw_data//np.arange\source311,D://crw_data//np.arange\source311\code\np.ndarray.sum_count_nonzero_replace2.py,35,O.sum(),"np.count_nonzero(O,)",np.ndarray.sum,np.count_nonzero,0.00035688,0.000166749
https://www.kaggle.com/heaviside9/sklearn-linear-regression-benchmark,D://crw_data//np.arange\source311,D://crw_data//np.arange\source311\code\np.ndarray.sum_count_nonzero_replace3.py,38,"np.multiply(E,W).sum()","np.count_nonzero(np.multiply(E,W),)",np.ndarray.sum,np.count_nonzero,0.455122381,0.477708427
https://www.kaggle.com/heaviside9/sklearn-linear-regression-benchmark,D://crw_data//np.arange\source311,D://crw_data//np.arange\source311\code\np.ndarray.sum_count_nonzero_replace4.py,38,"np.multiply(O,W).sum()","np.count_nonzero(np.multiply(O,W),)",np.ndarray.sum,np.count_nonzero,0.001080658,0.001047505
https://www.kaggle.com/jonmanly/first-fit-algorithm-two-pass-lb-31907-53,D://crw_data//np.array\source313,D://crw_data//np.array\source313\code\np.ndarray.sum_count_nonzero_replace0.py,60,np.array([gift_weight(x)forxinbag]).sum(),"np.count_nonzero(np.array([gift_weight(x)forxinbag]),)",np.ndarray.sum,np.count_nonzero,0.192943649,0.246667294
https://www.kaggle.com/ogrellier/multi-core-aggregations,D://crw_data//df.iloc\source65,D://crw_data//df.iloc\source65\code\np.ndarray.sum_count_nonzero_replace1.py,275,y_ohe.sum(axis=0),"np.count_nonzero(y_ohe,axis=0)",np.ndarray.sum,np.count_nonzero,0.018711886,0.020931115
https://www.kaggle.com/sunfulv1/nmsz1816010,D://crw_data//np.arange\source120,D://crw_data//np.arange\source120\code\np.ndarray.sum_count_nonzero_replace3.py,269,cm.sum(axis=1),"np.count_nonzero(cm,axis=1)",np.ndarray.sum,np.count_nonzero,0.000180199,0.000786446
https://www.kaggle.com/tkm2261/eval-metric-and-evaluating-last-year-sales-bench,D://crw_data//df.merge\source88,D://crw_data//df.merge\source88\code\np.ndarray.sum_count_nonzero_replace0.py,14,WEIGHTS.sum(),"np.count_nonzero(WEIGHTS,)",np.ndarray.sum,np.count_nonzero,0.455122381,0.477708427
https://www.kaggle.com/dollardollar/importance-of-address-features,D://crw_data//df.iloc\source70,D://crw_data//df.iloc\source70\code\np.ndarray.sum_einsum_replace0.py,180,x.sum(),"np.einsum('i->',x)",np.ndarray.sum,np.einsum,0.001637108,0.001651692
https://www.kaggle.com/drarfc/script-competition-facebook-v-2-1,D://crw_data//df.loc\source106,D://crw_data//df.loc\source106\code\np.ndarray.sum_einsum_replace0.py,93,"np.sum(z,axis=1)","np.einsum('ij->i',np)",np.ndarray.sum,np.einsum,0.001054738,0.000978251
https://www.kaggle.com/heaviside9/sklearn-linear-regression-benchmark,D://crw_data//np.arange\source311,D://crw_data//np.arange\source311\code\np.ndarray.sum_einsum_replace1.py,34,sb.sum(axis=0),"np.einsum('ij->j',sb)",np.ndarray.sum,np.einsum,0.003147228,0.002385093
https://www.kaggle.com/heaviside9/sklearn-linear-regression-benchmark,D://crw_data//np.arange\source311,D://crw_data//np.arange\source311\code\np.ndarray.sum_einsum_replace2.py,35,O.sum(),"np.einsum('i->',O)",np.ndarray.sum,np.einsum,6.70E-05,3.72E-05
https://www.kaggle.com/heaviside9/sklearn-linear-regression-benchmark,D://crw_data//np.arange\source311,D://crw_data//np.arange\source311\code\np.ndarray.sum_einsum_replace4.py,38,"np.multiply(E,W).sum()","np.einsum('i->',np.multiply(E,W))",np.ndarray.sum,np.einsum,0.012606039,0.014353638
https://www.kaggle.com/heaviside9/sklearn-linear-regression-benchmark,D://crw_data//np.arange\source311,D://crw_data//np.arange\source311\code\np.ndarray.sum_einsum_replace5.py,38,"np.multiply(O,W).sum()","np.einsum('i->',np.multiply(O,W))",np.ndarray.sum,np.einsum,1.281240559,0.426991864
https://www.kaggle.com/ogrellier/multi-core-aggregations,D://crw_data//df.iloc\source65,D://crw_data//df.iloc\source65\code\np.ndarray.sum_einsum_replace3.py,207,y_ohe.sum(axis=0),"np.einsum('ij->j',y_ohe)",np.ndarray.sum,np.einsum,0.432015039,0.424198824
https://www.kaggle.com/sunfulv1/nmsz1816010,D://crw_data//np.arange\source120,D://crw_data//np.arange\source120\code\np.ndarray.sum_einsum_replace3.py,269,cm.sum(axis=1),"np.einsum('ij->i',cm)",np.ndarray.sum,np.einsum,0.138844259,0.152955343
https://www.kaggle.com/tkm2261/eval-metric-and-evaluating-last-year-sales-bench,D://crw_data//df.merge\source88,D://crw_data//df.merge\source88\code\np.ndarray.sum_einsum_replace0.py,14,WEIGHTS.sum(),"np.einsum('i->',WEIGHTS)",np.ndarray.sum,np.einsum,0.019812164,0.01950723
https://www.kaggle.com/wangquan/test1,D://crw_data//np.argmax\source76,D://crw_data//np.argmax\source76\code\np.ndarray.sum_einsum_replace0.py,39,np.exp(X).sum(),"np.einsum('i->',np.exp(X))",np.ndarray.sum,np.einsum,0.000133416,0.000110105
https://www.kaggle.com/dollardollar/importance-of-address-features,D://crw_data//df.iloc\source70,D://crw_data//df.iloc\source70\code\np.ndarray.sum_np.sum_replace0.py,180,x.sum(),"np.sum(x,)",np.ndarray.sum,np.sum,0.000576172,0.000544724
https://www.kaggle.com/heaviside9/sklearn-linear-regression-benchmark,D://crw_data//np.arange\source311,D://crw_data//np.arange\source311\code\np.ndarray.sum_np.sum_replace0.py,34,sa.sum(axis=0),"np.sum(sa,axis=0)",np.ndarray.sum,np.sum,0.000229842,0.000554452
https://www.kaggle.com/heaviside9/sklearn-linear-regression-benchmark,D://crw_data//np.arange\source311,D://crw_data//np.arange\source311\code\np.ndarray.sum_np.sum_replace1.py,34,sb.sum(axis=0),"np.sum(sb,axis=0)",np.ndarray.sum,np.sum,0.000134121,0.000331346
https://www.kaggle.com/heaviside9/sklearn-linear-regression-benchmark,D://crw_data//np.arange\source311,D://crw_data//np.arange\source311\code\np.ndarray.sum_np.sum_replace2.py,35,O.sum(),"np.sum(O,)",np.ndarray.sum,np.sum,0.014292781,0.014119375
https://www.kaggle.com/heaviside9/sklearn-linear-regression-benchmark,D://crw_data//np.arange\source311,D://crw_data//np.arange\source311\code\np.ndarray.sum_np.sum_replace3.py,38,"np.multiply(E,W).sum()","np.sum(np.multiply(E,W),)",np.ndarray.sum,np.sum,0.050649409,0.050727068
https://www.kaggle.com/heaviside9/sklearn-linear-regression-benchmark,D://crw_data//np.arange\source311,D://crw_data//np.arange\source311\code\np.ndarray.sum_np.sum_replace4.py,38,"np.multiply(O,W).sum()","np.sum(np.multiply(O,W),)",np.ndarray.sum,np.sum,0.012586022,0.013761884
https://www.kaggle.com/jonmanly/first-fit-algorithm-two-pass-lb-31907-53,D://crw_data//np.array\source313,D://crw_data//np.array\source313\code\np.ndarray.sum_np.sum_replace0.py,60,np.array([gift_weight(x)forxinbag]).sum(),"np.sum(np.array([gift_weight(x)forxinbag]),)",np.ndarray.sum,np.sum,1.316230853,1.311052157
https://www.kaggle.com/ogrellier/multi-core-aggregations,D://crw_data//df.iloc\source65,D://crw_data//df.iloc\source65\code\np.ndarray.sum_np.sum_replace1.py,275,y_ohe.sum(axis=0),"np.sum(y_ohe,axis=0)",np.ndarray.sum,np.sum,0.000459347,0.000457803
https://www.kaggle.com/sunfulv1/nmsz1816010,D://crw_data//np.arange\source120,D://crw_data//np.arange\source120\code\np.ndarray.sum_np.sum_replace3.py,269,cm.sum(axis=1),"np.sum(cm,axis=1)",np.ndarray.sum,np.sum,0.000229842,0.000554452
https://www.kaggle.com/tkm2261/eval-metric-and-evaluating-last-year-sales-bench,D://crw_data//df.merge\source88,D://crw_data//df.merge\source88\code\np.ndarray.sum_np.sum_replace0.py,14,WEIGHTS.sum(),"np.sum(WEIGHTS,)",np.ndarray.sum,np.sum,1.265484505,1.234886151
https://www.kaggle.com/wangquan/test1,D://crw_data//np.argmax\source76,D://crw_data//np.argmax\source76\code\np.ndarray.sum_np.sum_replace0.py,39,np.exp(X).sum(),"np.sum(np.exp(X),)",np.ndarray.sum,np.sum,1.057688876,1.088797394
https://www.kaggle.com/heaviside9/sklearn-linear-regression-benchmark,D://crw_data//np.arange\source311,D://crw_data//np.arange\source311\code\np.ones_empty_replace1.py,30,np.ones(len(a)),np.empty(len(a));r2.fill(1),np.ones,np.empty,1.95E-06,9.69E-07
https://www.kaggle.com/heaviside9/sklearn-linear-regression-benchmark,D://crw_data//np.arange\source311,D://crw_data//np.arange\source311\code\np.ones_empty_replace2.py,31,np.ones(len(b)),np.empty(len(b));r2.fill(1),np.ones,np.empty,0.01345582,0.002411598
https://www.kaggle.com/ogrellier/multi-core-aggregations,D://crw_data//df.iloc\source65,D://crw_data//df.iloc\source65\code\np.ones_empty_replace0.py,583,np.ones(preds_.shape[0]),np.empty(preds_.shape[0]);r2.fill(1),np.ones,np.empty,5.19E-06,2.39E-06
https://www.kaggle.com/zeta2191622/how-to-get-a-score-of-0-894-in-two-minutes,D://crw_data//np.arange\source150,D://crw_data//np.arange\source150\code\np.ones_empty_replace0.py,69,"np.ones((n_gift_type,n_gift_quantity),dtype=np.int64)","np.empty((n_gift_type,n_gift_quantity),dtype=np.int64);r2.fill(1)",np.ones,np.empty,1.14E-05,9.24E-06
https://www.kaggle.com/drarfc/script-competition-facebook-v-2-1,D://crw_data//df.loc\source106,D://crw_data//df.loc\source106\code\np.sum_einsum_replace0.py,93,"np.sum(z,axis=1)","np.einsum('ij->i',z)",np.sum,np.einsum,2.02E-06,9.67E-07
https://www.kaggle.com/heaviside9/sklearn-linear-regression-benchmark,D://crw_data//np.arange\source311,D://crw_data//np.arange\source311\code\np.sum_einsum_replace0.py,35,np.sum(E),"np.einsum('i->',E)",np.sum,np.einsum,2.29E-06,1.24E-06
https://www.kaggle.com/inderpartap15/recurrence-relation,D://crw_data//np.array\source474,D://crw_data//np.array\source474\code\np.sum_einsum_replace0.py,93,np.sum(coeffs*np.array(seq[i-order:i])),"np.einsum('i->',coeffs*np.array(seq[i-order:i]))",np.sum,np.einsum,0.000198018,7.48E-05
https://www.kaggle.com/inderpartap15/recurrence-relation,D://crw_data//np.array\source474,D://crw_data//np.array\source474\code\np.sum_einsum_replace1.py,127,np.sum(coeffs*np.array(seq[-order:])),"np.einsum('i->',coeffs*np.array(seq[-order:]))",np.sum,np.einsum,0.000208946,8.56E-05
https://www.kaggle.com/ogrellier/multi-core-aggregations,D://crw_data//df.iloc\source65,D://crw_data//df.iloc\source65\code\np.sum_einsum_replace0.py,93,np.sum(b_s),"np.einsum('i->',b_s)",np.sum,np.einsum,0.00013411,4.46E-05
https://www.kaggle.com/ogrellier/multi-core-aggregations,D://crw_data//df.iloc\source65,D://crw_data//df.iloc\source65\code\np.sum_einsum_replace0.py,93,np.sum(b_s),"np.einsum('i->',b_s)",np.sum,np.einsum,0.003147228,0.002385093
https://www.kaggle.com/ogrellier/multi-core-aggregations,D://crw_data//df.iloc\source65,D://crw_data//df.iloc\source65\code\np.sum_einsum_replace1.py,93,np.sum(a_s),"np.einsum('i->',a_s)",np.sum,np.einsum,0.000198018,7.48E-05
https://www.kaggle.com/ogrellier/multi-core-aggregations,D://crw_data//df.iloc\source65,D://crw_data//df.iloc\source65\code\np.sum_einsum_replace1.py,93,np.sum(a_s),"np.einsum('i->',a_s)",np.sum,np.einsum,0.000208946,8.56E-05
https://www.kaggle.com/ogrellier/multi-core-aggregations,D://crw_data//df.iloc\source65,D://crw_data//df.iloc\source65\code\np.sum_einsum_replace1.py,93,np.sum(a_s),"np.einsum('i->',a_s)",np.sum,np.einsum,0.001637108,0.001651692
https://www.kaggle.com/ogrellier/multi-core-aggregations,D://crw_data//df.iloc\source65,D://crw_data//df.iloc\source65\code\np.sum_einsum_replace2.py,203,"np.sum(y_ohe.values*y_p_log,axis=0)","np.einsum('ij->j',y_ohe.values*y_p_log)",np.sum,np.einsum,0.001054738,0.000978251
https://www.kaggle.com/ogrellier/multi-core-aggregations,D://crw_data//df.iloc\source65,D://crw_data//df.iloc\source65\code\np.sum_einsum_replace3.py,217,np.sum(class_arr),"np.einsum('i->',class_arr)",np.sum,np.einsum,0.003147228,0.002385093
https://www.kaggle.com/ogrellier/multi-core-aggregations,D://crw_data//df.iloc\source65,D://crw_data//df.iloc\source65\code\np.sum_einsum_replace4.py,217,np.sum(y_w),"np.einsum('i->',y_w)",np.sum,np.einsum,6.70E-05,3.72E-05
https://www.kaggle.com/ogrellier/multi-core-aggregations,D://crw_data//df.iloc\source65,D://crw_data//df.iloc\source65\code\np.sum_einsum_replace8.py,393,np.sum(w),"np.einsum('i->',w)",np.sum,np.einsum,0.012606039,0.014353638
https://www.kaggle.com/themachine/the-machine-ii,D://crw_data//np.arange\source232,D://crw_data//np.arange\source232\code\np.sum_einsum_replace0.py,77,np.sum([x[0]forxindf]),"np.einsum('i->',[x[0]forxindf])",np.sum,np.einsum,1.281240559,0.426991864
https://www.kaggle.com/themachine/the-machine-ii,D://crw_data//np.arange\source232,D://crw_data//np.arange\source232\code\np.sum_einsum_replace1.py,85,np.sum(Gini),"np.einsum('i->',Gini)",np.sum,np.einsum,0.432015039,0.424198824
https://www.kaggle.com/themachine/the-machine-ii,D://crw_data//np.arange\source232,D://crw_data//np.arange\source232\code\np.sum_einsum_replace2.py,123,np.sum(true_order),"np.einsum('i->',true_order)",np.sum,np.einsum,0.138844259,0.152955343
https://www.kaggle.com/themachine/the-machine-ii,D://crw_data//np.arange\source232,D://crw_data//np.arange\source232\code\np.sum_einsum_replace3.py,125,np.sum(pred_order),"np.einsum('i->',pred_order)",np.sum,np.einsum,0.019812164,0.01950723
https://www.kaggle.com/themachine/the-machine-ii,D://crw_data//np.arange\source232,D://crw_data//np.arange\source232\code\np.sum_einsum_replace4.py,133,np.sum(L_ones-L_true),"np.einsum('i->',L_ones-L_true)",np.sum,np.einsum,0.000133416,0.000110105
https://www.kaggle.com/themachine/the-machine-ii,D://crw_data//np.arange\source232,D://crw_data//np.arange\source232\code\np.sum_einsum_replace5.py,135,np.sum(L_ones-L_pred),"np.einsum('i->',L_ones-L_pred)",np.sum,np.einsum,0.012606039,0.014353638
https://www.kaggle.com/xingyang/show-me-the-fishes-object-localization-with-cnn,D://crw_data//np.arange\source253,D://crw_data//np.arange\source253\code\np.sum_einsum_replace0.py,151,np.sum(train_unique_counts),"np.einsum('i->',train_unique_counts)",np.sum,np.einsum,1.281240559,0.426991864
https://www.kaggle.com/xingyang/show-me-the-fishes-object-localization-with-cnn,D://crw_data//np.arange\source253,D://crw_data//np.arange\source253\code\np.sum_einsum_replace1.py,152,np.sum(valid_unique_counts),"np.einsum('i->',valid_unique_counts)",np.sum,np.einsum,0.432015039,0.424198824
https://www.kaggle.com/drarfc/script-competition-facebook-v-2-1,D://crw_data//df.loc\source106,D://crw_data//df.loc\source106\code\np.sum_sum_replace0.py,93,"np.sum(z,axis=1)",(z).sum(axis=1),np.sum,np.ndarray.sum,1.45E-06,5.61E-07
https://www.kaggle.com/heaviside9/sklearn-linear-regression-benchmark,D://crw_data//np.arange\source311,D://crw_data//np.arange\source311\code\np.sum_sum_replace0.py,35,np.sum(E),(E).sum(),np.sum,np.ndarray.sum,3.24E-06,2.19E-06
https://www.kaggle.com/heaviside9/sklearn-linear-regression-benchmark,D://crw_data//np.arange\source311,D://crw_data//np.arange\source311\code\np.sum_sum_replace0.py,35,np.sum(E),(E).sum(),np.sum,np.ndarray.sum,1.83E-06,8.85E-07
https://www.kaggle.com/heaviside9/sklearn-linear-regression-benchmark,D://crw_data//np.arange\source311,D://crw_data//np.arange\source311\code\np.sum_sum_replace0.py,35,np.sum(E),(E).sum(),np.sum,np.ndarray.sum,9.62E-06,8.51E-06
https://www.kaggle.com/heaviside9/sklearn-linear-regression-benchmark,D://crw_data//np.arange\source311,D://crw_data//np.arange\source311\code\np.sum_sum_replace0.py,35,np.sum(E),(E).sum(),np.sum,np.ndarray.sum,7.23E-06,5.27E-06
https://www.kaggle.com/inderpartap15/recurrence-relation,D://crw_data//np.array\source474,D://crw_data//np.array\source474\code\np.sum_sum_replace1.py,127,np.sum(coeffs*np.array(seq[-order:])),(coeffs*np.array(seq[-order:])).sum(),np.sum,np.ndarray.sum,7.39E-05,6.30E-05
https://www.kaggle.com/ogrellier/multi-core-aggregations,D://crw_data//df.iloc\source65,D://crw_data//df.iloc\source65\code\np.sum_sum_replace0.py,93,np.sum(b_s),(b_s).sum(),np.sum,np.ndarray.sum,7.39E-05,6.30E-05
https://www.kaggle.com/ogrellier/multi-core-aggregations,D://crw_data//df.iloc\source65,D://crw_data//df.iloc\source65\code\np.sum_sum_replace0.py,93,np.sum(b_s),(b_s).sum(),np.sum,np.ndarray.sum,7.51E-05,6.93E-05
https://www.kaggle.com/ogrellier/multi-core-aggregations,D://crw_data//df.iloc\source65,D://crw_data//df.iloc\source65\code\np.sum_sum_replace0.py,93,np.sum(b_s),(b_s).sum(),np.sum,np.ndarray.sum,9.70E-05,6.70E-05
https://www.kaggle.com/ogrellier/multi-core-aggregations,D://crw_data//df.iloc\source65,D://crw_data//df.iloc\source65\code\np.sum_sum_replace0.py,93,np.sum(b_s),(b_s).sum(),np.sum,np.ndarray.sum,0.00012926,7.24E-05
https://www.kaggle.com/ogrellier/multi-core-aggregations,D://crw_data//df.iloc\source65,D://crw_data//df.iloc\source65\code\np.sum_sum_replace0.py,93,np.sum(b_s),(b_s).sum(),np.sum,np.ndarray.sum,0.000132402,0.000125096
https://www.kaggle.com/ogrellier/multi-core-aggregations,D://crw_data//df.iloc\source65,D://crw_data//df.iloc\source65\code\np.sum_sum_replace1.py,93,np.sum(a_s),(a_s).sum(),np.sum,np.ndarray.sum,0.000133937,0.000127192
https://www.kaggle.com/ogrellier/multi-core-aggregations,D://crw_data//df.iloc\source65,D://crw_data//df.iloc\source65\code\np.sum_sum_replace2.py,203,"np.sum(y_ohe.values*y_p_log,axis=0)",(y_ohe.values*y_p_log).sum(axis=0),np.sum,np.ndarray.sum,4.18E-06,3.67E-06
https://www.kaggle.com/ogrellier/multi-core-aggregations,D://crw_data//df.iloc\source65,D://crw_data//df.iloc\source65\code\np.sum_sum_replace3.py,217,np.sum(class_arr),(class_arr).sum(),np.sum,np.ndarray.sum,0.000333742,0.000326648
https://www.kaggle.com/ogrellier/multi-core-aggregations,D://crw_data//df.iloc\source65,D://crw_data//df.iloc\source65\code\np.sum_sum_replace4.py,217,np.sum(y_w),(y_w).sum(),np.sum,np.ndarray.sum,3.57E-05,2.78E-05
https://www.kaggle.com/ogrellier/multi-core-aggregations,D://crw_data//df.iloc\source65,D://crw_data//df.iloc\source65\code\np.sum_sum_replace8.py,393,np.sum(w),(w).sum(),np.sum,np.ndarray.sum,3.18E-05,2.86E-05
https://www.kaggle.com/themachine/the-machine-ii,D://crw_data//np.arange\source232,D://crw_data//np.arange\source232\code\np.sum_sum_replace0.py,77,np.sum([x[0]forxindf]),([x[0]forxindf]).sum(),np.sum,np.ndarray.sum,3.66E-06,2.07E-06
https://www.kaggle.com/themachine/the-machine-ii,D://crw_data//np.arange\source232,D://crw_data//np.arange\source232\code\np.sum_sum_replace1.py,85,np.sum(Gini),(Gini).sum(),np.sum,np.ndarray.sum,7.27E-06,3.86E-06
https://www.kaggle.com/themachine/the-machine-ii,D://crw_data//np.arange\source232,D://crw_data//np.arange\source232\code\np.sum_sum_replace2.py,123,np.sum(true_order),(true_order).sum(),np.sum,np.ndarray.sum,3.63E-06,3.13E-06
https://www.kaggle.com/themachine/the-machine-ii,D://crw_data//np.arange\source232,D://crw_data//np.arange\source232\code\np.sum_sum_replace3.py,125,np.sum(pred_order),(pred_order).sum(),np.sum,np.ndarray.sum,7.23E-06,5.27E-06
https://www.kaggle.com/themachine/the-machine-ii,D://crw_data//np.arange\source232,D://crw_data//np.arange\source232\code\np.sum_sum_replace4.py,133,np.sum(L_ones-L_true),(L_ones-L_true).sum(),np.sum,np.ndarray.sum,7.39E-05,6.30E-05
https://www.kaggle.com/themachine/the-machine-ii,D://crw_data//np.arange\source232,D://crw_data//np.arange\source232\code\np.sum_sum_replace5.py,135,np.sum(L_ones-L_pred),(L_ones-L_pred).sum(),np.sum,np.ndarray.sum,7.51E-05,6.93E-05
https://www.kaggle.com/xingyang/show-me-the-fishes-object-localization-with-cnn,D://crw_data//np.arange\source253,D://crw_data//np.arange\source253\code\np.sum_sum_replace0.py,151,np.sum(train_unique_counts),(train_unique_counts).sum(),np.sum,np.ndarray.sum,9.70E-05,6.70E-05
https://www.kaggle.com/xingyang/show-me-the-fishes-object-localization-with-cnn,D://crw_data//np.arange\source253,D://crw_data//np.arange\source253\code\np.sum_sum_replace1.py,152,np.sum(valid_unique_counts),(valid_unique_counts).sum(),np.sum,np.ndarray.sum,0.00012926,7.24E-05
https://www.kaggle.com/themachine/the-machine-ii,D://crw_data//np.arange\source232,D://crw_data//np.arange\source232\code\np.transpose_column_stack_replace0.py,113,"np.array([y_true,y_pred]).transpose()","np.array([y_true,y_pred]).column_stack()",np.transpose,np.column_stack,2.74E-05,2.06E-05
https://www.kaggle.com/drarfc/script-competition-facebook-v-2-1,D://crw_data//df.loc\source106,D://crw_data//df.loc\source106\code\np.vstack_concatenate_replace0.py,357,np.vstack(preds_list),"np.concatenate(preds_list,axis=0)",np.vstack,np.concatenate,2.28E-05,1.77E-05
https://www.kaggle.com/alishir/iterative-random-forest,D://crw_data//np.arange\source315,D://crw_data//np.arange\source315\code\np.where_nonzero_replace0.py,30,np.where(data==-1),np.nonzero(data==-1),np.where,np.nonzero,2.03E-05,1.94E-05
https://www.kaggle.com/alishir/iterative-random-forest,D://crw_data//np.arange\source315,D://crw_data//np.arange\source315\code\np.where_nonzero_replace1.py,69,np.where(a!=-1),np.nonzero(a!=-1),np.where,np.nonzero,0.000259164,0.000175652
https://www.kaggle.com/alishir/iterative-random-forest,D://crw_data//np.arange\source315,D://crw_data//np.arange\source315\code\np.where_nonzero_replace2.py,70,np.where(a==-1),np.nonzero(a==-1),np.where,np.nonzero,0.005716349,0.005263991
https://www.kaggle.com/alishir/iterative-random-forest,D://crw_data//np.arange\source315,D://crw_data//np.arange\source315\code\np.where_nonzero_replace3.py,82,np.where(data!=-1),np.nonzero(data!=-1),np.where,np.nonzero,0.000102822,0.00010182
https://www.kaggle.com/lancerts/combined,D://crw_data//np.array\source1007,D://crw_data//np.array\source1007\code\np.where_nonzero_replace0.py,345,np.where(queries[:10158]==q),np.nonzero(queries[:10158]==q),np.where,np.nonzero,6.70E-05,7.51E-05
https://www.kaggle.com/lancerts/combined,D://crw_data//np.array\source1007,D://crw_data//np.array\source1007\code\np.where_nonzero_replace0.py,345,np.where(queries[:10158]==q),np.nonzero(queries[:10158]==q),np.where,np.nonzero,0.005716349,0.005263991
https://www.kaggle.com/lancerts/combined,D://crw_data//np.array\source1007,D://crw_data//np.array\source1007\code\np.where_nonzero_replace1.py,347,np.where(queries[10158:]==q),np.nonzero(queries[10158:]==q),np.where,np.nonzero,0.000155114,0.000154576
https://www.kaggle.com/lancerts/combined,D://crw_data//np.array\source1007,D://crw_data//np.array\source1007\code\np.where_nonzero_replace1.py,347,np.where(queries[10158:]==q),np.nonzero(queries[10158:]==q),np.where,np.nonzero,0.000279638,0.000271352
https://www.kaggle.com/lancerts/combined,D://crw_data//np.array\source1007,D://crw_data//np.array\source1007\code\np.where_nonzero_replace6.py,619,np.where(queries==i),np.nonzero(queries==i),np.where,np.nonzero,0.000385988,0.00022719
https://www.kaggle.com/nishadi/breeds,D://crw_data//np.append\source30,D://crw_data//np.append\source30\code\np.where_nonzero_replace0.py,213,"np.where(breeds_group[:,(0)]==i)","np.nonzero(breeds_group[:,(0)]==i)",np.where,np.nonzero,3.48E-06,3.77E-06
https://www.kaggle.com/tkm2261/eval-metric-and-evaluating-last-year-sales-bench,D://crw_data//df.merge\source88,D://crw_data//df.merge\source88\code\np.where_map_replace2.py,60,"np.where(preds<0,0,preds)",(preds).map(lambdax:0ifx<0elsepreds).values,np.where,pd.Series.map,0.000428617,0.000770962
https://www.kaggle.com/alishir/iterative-random-forest,D://crw_data//np.arange\source315,D://crw_data//np.arange\source315\code\np.zeros_empty_replace0.py,21,"np.zeros((m,n,T),dtype=int)","np.empty((m,n,T),dtype=int);r2[:]=0",np.zeros,np.empty,1.32E-05,1.20E-05
https://www.kaggle.com/alishir/iterative-random-forest,D://crw_data//np.arange\source315,D://crw_data//np.arange\source315\code\np.zeros_empty_replace1.py,85,"np.zeros((index_size,feature_size))","np.empty((index_size,feature_size));r2[:]=0",np.zeros,np.empty,0.000967618,0.007119392
https://www.kaggle.com/alishir/iterative-random-forest,D://crw_data//np.arange\source315,D://crw_data//np.arange\source315\code\np.zeros_empty_replace2.py,86,"np.zeros((index_size,))","np.empty((index_size,));r2[:]=0",np.zeros,np.empty,2.35E-06,3.13E-06
https://www.kaggle.com/alishir/iterative-random-forest,D://crw_data//np.arange\source315,D://crw_data//np.arange\source315\code\np.zeros_empty_replace3.py,119,"np.zeros((pred_size,feature_size))","np.empty((pred_size,feature_size));r2[:]=0",np.zeros,np.empty,1.00E-06,1.41E-06
https://www.kaggle.com/cttsai/ensemble-of-lightgbm-on-different-distributions,D://crw_data//np.zeros\source141,D://crw_data//np.zeros\source141\code\np.zeros_empty_replace0.py,29,np.zeros(X.shape[0]),np.empty(X.shape[0]);r2[:]=0,np.zeros,np.empty,1.94E-06,2.28E-06
https://www.kaggle.com/cttsai/ensemble-of-lightgbm-on-different-distributions,D://crw_data//np.zeros\source141,D://crw_data//np.zeros\source141\code\np.zeros_empty_replace1.py,75,np.zeros(test.shape[0]),np.empty(test.shape[0]);r2[:]=0,np.zeros,np.empty,8.46E-07,1.83E-06
https://www.kaggle.com/dollardollar/importance-of-address-features,D://crw_data//df.iloc\source70,D://crw_data//df.iloc\source70\code\np.zeros_empty_replace0.py,199,np.zeros(merged_data.shape),np.empty(merged_data.shape);r2[:]=0,np.zeros,np.empty,0.000967618,0.007119392
https://www.kaggle.com/lancerts/combined,D://crw_data//np.array\source1007,D://crw_data//np.array\source1007\code\np.zeros_empty_replace0.py,333,"np.zeros((len(titles),len(u)))","np.empty((len(titles),len(u)));r2[:]=0",np.zeros,np.empty,1.00E-06,1.41E-06
https://www.kaggle.com/lancerts/combined,D://crw_data//np.array\source1007,D://crw_data//np.array\source1007\code\np.zeros_empty_replace2.py,569,"np.zeros((len(titles),3))","np.empty((len(titles),3));r2[:]=0",np.zeros,np.empty,1.94E-06,2.28E-06
https://www.kaggle.com/lancerts/combined,D://crw_data//np.array\source1007,D://crw_data//np.array\source1007\code\np.zeros_empty_replace3.py,615,"np.zeros((len(queries),3))","np.empty((len(queries),3));r2[:]=0",np.zeros,np.empty,8.46E-07,1.83E-06
https://www.kaggle.com/ogrellier/multi-core-aggregations,D://crw_data//df.iloc\source65,D://crw_data//df.iloc\source65\code\np.zeros_empty_replace0.py,397,"np.zeros((len(df),np.unique(y).shape[0]))","np.empty((len(df),np.unique(y).shape[0]));r2[:]=0",np.zeros,np.empty,0.000212267,0.000208734
https://www.kaggle.com/sakvaua/simple-na-visualization-python-script,D://crw_data//df.sum\source5,D://crw_data//df.sum\source5\code\np.zeros_empty_replace0.py,45,"np.zeros(train.shape[0],dtype=object)","np.empty(train.shape[0],dtype=object);r2[:]=0",np.zeros,np.empty,0.000212267,0.000208734
https://www.kaggle.com/wangquan/test1,D://crw_data//np.argmax\source76,D://crw_data//np.argmax\source76\code\np.zeros_empty_replace0.py,45,"np.zeros((1,num_hidden))","np.empty((1,num_hidden));r2[:]=0",np.zeros,np.empty,1.32E-05,1.20E-05
https://www.kaggle.com/wangquan/test1,D://crw_data//np.argmax\source76,D://crw_data//np.argmax\source76\code\np.zeros_empty_replace1.py,47,"np.zeros((1,num_output))","np.empty((1,num_output));r2[:]=0",np.zeros,np.empty,0.000967618,0.007119392
https://www.kaggle.com/xingyang/show-me-the-fishes-object-localization-with-cnn,D://crw_data//np.arange\source253,D://crw_data//np.arange\source253\code\np.zeros_empty_replace0.py,104,"np.zeros(imread(original_image_path).shape[:2],dtype=np.uint8)","np.empty(imread(original_image_path).shape[:2],dtype=np.uint8);r2[:]=0",np.zeros,np.empty,2.35E-06,3.13E-06
https://www.kaggle.com/xingyang/show-me-the-fishes-object-localization-with-cnn,D://crw_data//np.arange\source253,D://crw_data//np.arange\source253\code\np.zeros_empty_replace1.py,144,"np.zeros((len(cluster_ID_array),1))","np.empty((len(cluster_ID_array),1));r2[:]=0",np.zeros,np.empty,1.00E-06,1.41E-06
https://www.kaggle.com/xingyang/show-me-the-fishes-object-localization-with-cnn,D://crw_data//np.arange\source253,D://crw_data//np.arange\source253\code\np.zeros_empty_replace2.py,246,"np.zeros((row_size,column_size))","np.empty((row_size,column_size));r2[:]=0",np.zeros,np.empty,1.94E-06,2.28E-06
https://www.kaggle.com/zeta2191622/how-to-get-a-score-of-0-894-in-two-minutes,D://crw_data//np.arange\source150,D://crw_data//np.arange\source150\code\np.zeros_empty_replace0.py,71,"np.zeros((n_gift_type,),dtype=np.int16)","np.empty((n_gift_type,),dtype=np.int16);r2[:]=0",np.zeros,np.empty,8.46E-07,1.83E-06
https://www.kaggle.com/brandao/test-6,D://crw_data//df.apply\source107,D://crw_data//df.apply\source107\code\pd.DataFrame.apply_where_replace1.py,26,"df.apply(lambdarow:row['shot_distance']ifrow['shot_distance']<45else	45,axis=1)",df['shot_distance'].apply(lambdarow:rowifrow<45else45),pd.DataFrame.apply,pd.Series.apply,0.000105789,0.000422057
https://www.kaggle.com/dollardollar/importance-of-address-features,D://crw_data//df.iloc\source70,D://crw_data//df.iloc\source70\code\pd.DataFrame.loc_replace0.py,103,"train.loc[:,('Category')]","train.ix[:,('Category')]",pd.DataFrame.loc,pd.DataFrame.ix,2.20E-05,3.16E-05
https://www.kaggle.com/dollardollar/importance-of-address-features,D://crw_data//df.iloc\source70,D://crw_data//df.iloc\source70\code\pd.DataFrame.loc_replace7.py,351,"fold0.loc[:,('Category')]","fold0.ix[:,('Category')]",pd.DataFrame.loc,pd.DataFrame.ix,0.000328384,0.000290477
https://www.kaggle.com/dollardollar/importance-of-address-features,D://crw_data//df.iloc\source70,D://crw_data//df.iloc\source70\code\pd.DataFrame.loc_replace8.py,354,"fold1.loc[:,('Category')]","fold1.ix[:,('Category')]",pd.DataFrame.loc,pd.DataFrame.ix,0.00039465,0.000293043
https://www.kaggle.com/ogrellier/multi-core-aggregations,D://crw_data//df.iloc\source65,D://crw_data//df.iloc\source65\code\pd.DataFrame.loc_replace3.py,599,"preds_df_.loc[galactic,'class_99']","preds_df_.ix[galactic,'class_99']",pd.DataFrame.loc,pd.DataFrame.ix,0.02011413,0.019728895
https://www.kaggle.com/ogrellier/multi-core-aggregations,D://crw_data//df.iloc\source65,D://crw_data//df.iloc\source65\code\pd.DataFrame.loc_replace4.py,601,"preds_df_.loc[~galactic,'class_99']","preds_df_.ix[~galactic,'class_99']",pd.DataFrame.loc,pd.DataFrame.ix,1.48E-05,1.19E-05
https://www.kaggle.com/amazone/lightgbm-regressor,D://crw_data//df.apply\source20,D://crw_data//df.apply\source20\code\pd.Series.apply_map_replace0.py,25,df['pickup_datetime'].apply(lambdax:int(x.split('')[0].split('-')[1])),df['pickup_datetime'].map(lambdax:int(x.split('')[0].split('-')[1])),pd.Series.apply,pd.Series.map,0.000437296,0.000416313
https://www.kaggle.com/amazone/lightgbm-regressor,D://crw_data//df.apply\source20,D://crw_data//df.apply\source20\code\pd.Series.apply_map_replace1.py,26,df['pickup_datetime'].apply(lambdax:int(x.split('')[0].split('-')[2])),df['pickup_datetime'].map(lambdax:int(x.split('')[0].split('-')[2])),pd.Series.apply,pd.Series.map,1.22438407,1.201874174
https://www.kaggle.com/amazone/lightgbm-regressor,D://crw_data//df.apply\source20,D://crw_data//df.apply\source20\code\pd.Series.apply_map_replace2.py,27,df['pickup_datetime'].apply(lambdax:int(x.split('')[1].split(':')[0])),df['pickup_datetime'].map(lambdax:int(x.split('')[1].split(':')[0])),pd.Series.apply,pd.Series.map,1.161386433,1.164412082
https://www.kaggle.com/amazone/lightgbm-regressor,D://crw_data//df.apply\source20,D://crw_data//df.apply\source20\code\pd.Series.apply_map_replace3.py,28,df['pickup_datetime'].apply(lambdax:int(x.split('')[1].split(':')[1])),df['pickup_datetime'].map(lambdax:int(x.split('')[1].split(':')[1])),pd.Series.apply,pd.Series.map,1.22438407,1.201874174
https://www.kaggle.com/chechir/export-feats-kernel,D://crw_data//df.apply\source42,D://crw_data//df.apply\source42\code\pd.Series.apply_map_replace0.py,53,df['question1'].apply(lambdax:(wordinstr(x).lower())*1),df['question1'].map(lambdax:(wordinstr(x).lower())*1),pd.Series.apply,pd.Series.map,0.205711802,0.208284172
https://www.kaggle.com/chechir/export-feats-kernel,D://crw_data//df.apply\source42,D://crw_data//df.apply\source42\code\pd.Series.apply_map_replace1.py,54,df['question2'].apply(lambdax:(wordinstr(x).lower())*1),df['question2'].map(lambdax:(wordinstr(x).lower())*1),pd.Series.apply,pd.Series.map,0.038149312,0.036641325
https://www.kaggle.com/chechir/export-feats-kernel,D://crw_data//df.apply\source42,D://crw_data//df.apply\source42\code\pd.Series.apply_map_replace6.py,66,df['question2'].apply(lambdax:len(str(x))),df['question2'].map(lambdax:len(str(x))),pd.Series.apply,pd.Series.map,0.000411762,0.000460415
https://www.kaggle.com/chechir/export-feats-kernel,D://crw_data//df.apply\source42,D://crw_data//df.apply\source42\code\pd.Series.apply_map_replace7.py,67,df['question1'].apply(lambdax:sum(1foriinstr(x)ifi.isupper())),df['question1'].map(lambdax:sum(1foriinstr(x)ifi.isupper())),pd.Series.apply,pd.Series.map,0.021401153,0.021307528
https://www.kaggle.com/chechir/export-feats-kernel,D://crw_data//df.apply\source42,D://crw_data//df.apply\source42\code\pd.Series.apply_map_replace8.py,68,df['question2'].apply(lambdax:sum(1foriinstr(x)ifi.isupper())),df['question2'].map(lambdax:sum(1foriinstr(x)ifi.isupper())),pd.Series.apply,pd.Series.map,1.161386433,1.164412082
https://www.kaggle.com/director/xgb-0-9674,D://crw_data//np.array\source891,D://crw_data//np.array\source891\code\pd.Series.apply_map_replace0.py,50,train['Date'].apply(lambdax:int(str(x)[:4])),train['Date'].map(lambdax:int(str(x)[:4])),pd.Series.apply,pd.Series.map,1.22438407,1.201874174
https://www.kaggle.com/director/xgb-0-9674,D://crw_data//np.array\source891,D://crw_data//np.array\source891\code\pd.Series.apply_map_replace1.py,51,train['Date'].apply(lambdax:int(str(x)[5:7])),train['Date'].map(lambdax:int(str(x)[5:7])),pd.Series.apply,pd.Series.map,0.205711802,0.208284172
https://www.kaggle.com/director/xgb-0-9674,D://crw_data//np.array\source891,D://crw_data//np.array\source891\code\pd.Series.apply_map_replace2.py,56,test['Date'].apply(lambdax:int(str(x)[:4])),test['Date'].map(lambdax:int(str(x)[:4])),pd.Series.apply,pd.Series.map,0.038149312,0.036641325
https://www.kaggle.com/director/xgb-0-9674,D://crw_data//np.array\source891,D://crw_data//np.array\source891\code\pd.Series.apply_map_replace3.py,57,test['Date'].apply(lambdax:int(str(x)[5:7])),test['Date'].map(lambdax:int(str(x)[5:7])),pd.Series.apply,pd.Series.map,0.000411762,0.000460415
https://www.kaggle.com/gvyshnya/gbm-cv-submission-lb-28,D://crw_data//df.fillna\source54,D://crw_data//df.fillna\source54\code\pd.Series.apply_map_replace0.py,345,train_df[f2].apply(lambdax:str(x)),train_df[f2].map(lambdax:str(x)),pd.Series.apply,pd.Series.map,0.205711802,0.208284172
https://www.kaggle.com/gvyshnya/gbm-cv-submission-lb-28,D://crw_data//df.fillna\source54,D://crw_data//df.fillna\source54\code\pd.Series.apply_map_replace1.py,345,train_df[f1].apply(lambdax:str(x)),train_df[f1].map(lambdax:str(x)),pd.Series.apply,pd.Series.map,1.161386433,1.164412082
https://www.kaggle.com/gvyshnya/gbm-cv-submission-lb-28,D://crw_data//df.fillna\source54,D://crw_data//df.fillna\source54\code\pd.Series.apply_map_replace2.py,347,test_df[f2].apply(lambdax:str(x)),test_df[f2].map(lambdax:str(x)),pd.Series.apply,pd.Series.map,1.22438407,1.201874174
https://www.kaggle.com/gvyshnya/gbm-cv-submission-lb-28,D://crw_data//df.fillna\source54,D://crw_data//df.fillna\source54\code\pd.Series.apply_map_replace3.py,347,test_df[f1].apply(lambdax:str(x)),test_df[f1].map(lambdax:str(x)),pd.Series.apply,pd.Series.map,0.205711802,0.208284172
https://www.kaggle.com/hiendang/compute-auc-on-valid-set,D://crw_data//pd.read_csv\source3198,D://crw_data//pd.read_csv\source3198\code\pd.Series.apply_map_replace0.py,47,train.Date.apply(create_month),train.Date.map(create_month),pd.Series.apply,pd.Series.map,0.038149312,0.036641325
https://www.kaggle.com/hiendang/compute-auc-on-valid-set,D://crw_data//pd.read_csv\source3198,D://crw_data//pd.read_csv\source3198\code\pd.Series.apply_map_replace1.py,48,train.Date.apply(create_day),train.Date.map(create_day),pd.Series.apply,pd.Series.map,0.000411762,0.000460415
https://www.kaggle.com/hiendang/compute-auc-on-valid-set,D://crw_data//pd.read_csv\source3198,D://crw_data//pd.read_csv\source3198\code\pd.Series.apply_map_replace2.py,49,test.Date.apply(create_month),test.Date.map(create_month),pd.Series.apply,pd.Series.map,0.021401153,0.021307528
https://www.kaggle.com/hiendang/compute-auc-on-valid-set,D://crw_data//pd.read_csv\source3198,D://crw_data//pd.read_csv\source3198\code\pd.Series.apply_map_replace3.py,50,test.Date.apply(create_day),test.Date.map(create_day),pd.Series.apply,pd.Series.map,0.000411762,0.000460415
https://www.kaggle.com/jonmanly/first-fit-algorithm-two-pass-lb-31907-53,D://crw_data//np.array\source313,D://crw_data//np.array\source313\code\pd.Series.apply_map_replace0.py,73,gifts['GiftId'].apply(probGiftWeight),gifts['GiftId'].map(probGiftWeight),pd.Series.apply,pd.Series.map,0.205711802,0.208284172
https://www.kaggle.com/lancerts/combined,D://crw_data//np.array\source1007,D://crw_data//np.array\source1007\code\pd.Series.apply_map_replace0.py,145,train['query'].apply(preprocess),train['query'].map(preprocess),pd.Series.apply,pd.Series.map,1.161386433,1.164412082
https://www.kaggle.com/lancerts/combined,D://crw_data//np.array\source1007,D://crw_data//np.array\source1007\code\pd.Series.apply_map_replace1.py,147,train['product_title'].apply(preprocess),train['product_title'].map(preprocess),pd.Series.apply,pd.Series.map,1.22438407,1.201874174
https://www.kaggle.com/plantsgo/solution-public-0-471-private-0-505,D://crw_data//df.iloc\source62,D://crw_data//df.iloc\source62\code\pd.Series.apply_map_replace1.py,415,df_train['visitors'].apply(lambdax:np.log1p(float(x))iffloat(x)>0else0),df_train['visitors'].map(lambdax:np.log1p(float(x))iffloat(x)>0else0),pd.Series.apply,pd.Series.map,1.22438407,1.201874174
https://www.kaggle.com/plantsgo/solution-public-0-471-private-0-505,D://crw_data//df.iloc\source62,D://crw_data//df.iloc\source62\code\pd.Series.apply_map_replace10.py,801,"df_train['visit_date'].apply(lambdax:date_gap(x,t_begin))","df_train['visit_date'].map(lambdax:date_gap(x,t_begin))",pd.Series.apply,pd.Series.map,1.161386433,1.164412082
https://www.kaggle.com/plantsgo/solution-public-0-471-private-0-505,D://crw_data//df.iloc\source62,D://crw_data//df.iloc\source62\code\pd.Series.apply_map_replace11.py,803,"air_reserve['reserve_date'].apply(lambdax:date_gap(x,t_begin))","air_reserve['reserve_date'].map(lambdax:date_gap(x,t_begin))",pd.Series.apply,pd.Series.map,1.22438407,1.201874174
https://www.kaggle.com/plantsgo/solution-public-0-471-private-0-505,D://crw_data//df.iloc\source62,D://crw_data//df.iloc\source62\code\pd.Series.apply_map_replace12.py,805,"hpg_reserve['reserve_date'].apply(lambdax:date_gap(x,t_begin))","hpg_reserve['reserve_date'].map(lambdax:date_gap(x,t_begin))",pd.Series.apply,pd.Series.map,0.205711802,0.208284172
https://www.kaggle.com/plantsgo/solution-public-0-471-private-0-505,D://crw_data//df.iloc\source62,D://crw_data//df.iloc\source62\code\pd.Series.apply_map_replace13.py,835,"df_label['visit_date'].apply(lambdax:date_gap(x,t_begin))","df_label['visit_date'].map(lambdax:date_gap(x,t_begin))",pd.Series.apply,pd.Series.map,0.038149312,0.036641325
https://www.kaggle.com/plantsgo/solution-public-0-471-private-0-505,D://crw_data//df.iloc\source62,D://crw_data//df.iloc\source62\code\pd.Series.apply_map_replace17.py,1039,weight_df['day_gap'].apply(lambdax:1ifx<=6else1),weight_df['day_gap'].map(lambdax:1ifx<=6else1),pd.Series.apply,pd.Series.map,0.000411762,0.000460415
https://www.kaggle.com/plantsgo/solution-public-0-471-private-0-505,D://crw_data//df.iloc\source62,D://crw_data//df.iloc\source62\code\pd.Series.apply_map_replace2.py,423,df_test['id'].apply(lambdax:'_'.join(x.split('_')[:2])),df_test['id'].map(lambdax:'_'.join(x.split('_')[:2])),pd.Series.apply,pd.Series.map,0.021401153,0.021307528
https://www.kaggle.com/plantsgo/solution-public-0-471-private-0-505,D://crw_data//df.iloc\source62,D://crw_data//df.iloc\source62\code\pd.Series.apply_map_replace3.py,425,df_test['id'].apply(lambdax:x.split('_')[2]),df_test['id'].map(lambdax:x.split('_')[2]),pd.Series.apply,pd.Series.map,1.22438407,1.201874174
https://www.kaggle.com/plantsgo/solution-public-0-471-private-0-505,D://crw_data//df.iloc\source62,D://crw_data//df.iloc\source62\code\pd.Series.apply_map_replace4.py,437,air_reserve['reserve_datetime'].apply(lambdax:x.split('')[0]),air_reserve['reserve_datetime'].map(lambdax:x.split('')[0]),pd.Series.apply,pd.Series.map,0.205711802,0.208284172
https://www.kaggle.com/plantsgo/solution-public-0-471-private-0-505,D://crw_data//df.iloc\source62,D://crw_data//df.iloc\source62\code\pd.Series.apply_map_replace5.py,439,air_reserve['visit_datetime'].apply(lambdax:x.split('')[0]),air_reserve['visit_datetime'].map(lambdax:x.split('')[0]),pd.Series.apply,pd.Series.map,0.038149312,0.036641325
https://www.kaggle.com/plantsgo/solution-public-0-471-private-0-505,D://crw_data//df.iloc\source62,D://crw_data//df.iloc\source62\code\pd.Series.apply_map_replace6.py,441,hpg_reserve['reserve_datetime'].apply(lambdax:x.split('')[0]),hpg_reserve['reserve_datetime'].map(lambdax:x.split('')[0]),pd.Series.apply,pd.Series.map,0.000411762,0.000460415
https://www.kaggle.com/plantsgo/solution-public-0-471-private-0-505,D://crw_data//df.iloc\source62,D://crw_data//df.iloc\source62\code\pd.Series.apply_map_replace7.py,443,hpg_reserve['visit_datetime'].apply(lambdax:x.split('')[0]),hpg_reserve['visit_datetime'].map(lambdax:x.split('')[0]),pd.Series.apply,pd.Series.map,1.22438407,1.201874174
https://www.kaggle.com/plantsgo/solution-public-0-471-private-0-505,D://crw_data//df.iloc\source62,D://crw_data//df.iloc\source62\code\pd.Series.apply_map_replace8.py,531,"df_visit_date.apply(lambdax:min(x.day,days_of_months[x.month-1]-x.day))","df_visit_date.map(lambdax:min(x.day,days_of_months[x.month-1]-x.day))",pd.Series.apply,pd.Series.map,0.205711802,0.208284172
https://www.kaggle.com/plantsgo/solution-public-0-471-private-0-505,D://crw_data//df.iloc\source62,D://crw_data//df.iloc\source62\code\pd.Series.apply_map_replace9.py,537,df['day'].apply(lambdax:0ifx<=7else2ifx>=24else1),df['day'].map(lambdax:0ifx<=7else2ifx>=24else1),pd.Series.apply,pd.Series.map,0.038149312,0.036641325
https://www.kaggle.com/qnkhuat/make-data-ready,D://crw_data//df.replace\source1,D://crw_data//df.replace\source1\code\pd.Series.apply_map_replace0.py,93,df['customDimensions'].apply(literal_eval),df['customDimensions'].map(literal_eval),pd.Series.apply,pd.Series.map,0.000411762,0.000460415
https://www.kaggle.com/thamagame/titanic-with-learning-curves,D://crw_data//df.apply\source14,D://crw_data//df.apply\source14\code\pd.Series.apply_map_replace1.py,49,dataFrame['Ticket'].apply(MapTicket),dataFrame['Ticket'].map(MapTicket),pd.Series.apply,pd.Series.map,0.000411762,0.000460415
https://www.kaggle.com/thamagame/titanic-with-learning-curves,D://crw_data//df.apply\source14,D://crw_data//df.apply\source14\code\pd.Series.apply_map_replace2.py,50,dataFrame['Cabin'].fillna(0).apply(MapCabin),dataFrame['Cabin'].fillna(0).map(MapCabin),pd.Series.apply,pd.Series.map,0.000411762,0.000460415
https://www.kaggle.com/thamagame/titanic-with-learning-curves,D://crw_data//df.apply\source14,D://crw_data//df.apply\source14\code\pd.Series.apply_map_replace3.py,51,dataFrame['Name'].apply(len),dataFrame['Name'].map(len),pd.Series.apply,pd.Series.map,0.021401153,0.021307528
https://www.kaggle.com/thamagame/titanic-with-learning-curves,D://crw_data//df.apply\source14,D://crw_data//df.apply\source14\code\pd.Series.apply_map_replace4.py,53,dataFrame['FamilySize'].apply(IsAlone),dataFrame['FamilySize'].map(IsAlone),pd.Series.apply,pd.Series.map,1.22438407,1.201874174
https://www.kaggle.com/thamagame/titanic-with-learning-curves,D://crw_data//df.apply\source14,D://crw_data//df.apply\source14\code\pd.Series.apply_map_replace5.py,54,dataFrame['Name'].apply(ExtractTitle),dataFrame['Name'].map(ExtractTitle),pd.Series.apply,pd.Series.map,0.205711802,0.208284172
https://www.kaggle.com/thamagame/titanic-with-learning-curves,D://crw_data//df.apply\source14,D://crw_data//df.apply\source14\code\pd.Series.apply_map_replace6.py,55,dataFrame['Title'].apply(MapTitle),dataFrame['Title'].map(MapTitle),pd.Series.apply,pd.Series.map,0.038149312,0.036641325
https://www.kaggle.com/xingobar/classify-group,D://crw_data//np.append\source15,D://crw_data//np.append\source15\code\pd.Series.apply_map_replace0.py,118,allCompanyAndDays.groupby('group_1').apply(interpolateFun1),allCompanyAndDays.groupby('group_1').map(interpolateFun1),pd.Series.apply,pd.Series.map,0.000411762,0.000460415
https://www.kaggle.com/ymatioun/lightgbm-v1,D://crw_data//df.iloc\source30,D://crw_data//df.iloc\source30\code\pd.Series.apply_map_replace0.py,58,"merged_df['ingredients'].apply(','.join)","merged_df['ingredients'].map(','.join)",pd.Series.apply,pd.Series.map,0.021401153,0.021307528
https://www.kaggle.com/zeta2191622/how-to-get-a-score-of-0-894-in-two-minutes,D://crw_data//np.arange\source150,D://crw_data//np.arange\source150\code\pd.Series.apply_map_replace0.py,18,pd.Series(d_).groupby(d_).apply(f),pd.Series(d_).groupby(d_).map(f),pd.Series.apply,pd.Series.map,1.22438407,1.201874174
https://www.kaggle.com/director/xgb-0-9674,D://crw_data//np.array\source891,D://crw_data//np.array\source891\code\pd.Series.astype_replace0.py,76,encoder.fit_transform(train_y).astype(np.int32),encoder.fit_transform(train_y).apply(np.int32),pd.Series.astype,pd.Series.apply,0.009864048,0.468383714
https://www.kaggle.com/drarfc/script-competition-facebook-v-2-1,D://crw_data//df.loc\source106,D://crw_data//df.loc\source106\code\pd.Series.astype_replace2.py,137,"cell_train[:,(-1)].flatten().astype(np.int64)","cell_train[:,(-1)].flatten().apply(np.int64)",pd.Series.astype,pd.Series.apply,0.000267876,0.000411528
https://www.kaggle.com/drarfc/script-competition-facebook-v-2-1,D://crw_data//df.loc\source106,D://crw_data//df.loc\source106\code\pd.Series.astype_replace4.py,535,(df['time']//525600).astype(float),(df['time']//525600).apply(float),pd.Series.astype,pd.Series.apply,0.000574771,0.000751874
https://www.kaggle.com/nikolayburlutskiy/xgboost-in-python-0-83x,D://crw_data//df.iloc\source87,D://crw_data//df.iloc\source87\code\pd.Series.astype_replace0.py,115,test_df['ID'].astype(int),test_df['ID'].apply(int),pd.Series.astype,pd.Series.apply,0.001428795,0.000612181
https://www.kaggle.com/opanichev/lightgbm-and-tf-idf-starter,D://crw_data//np.array\source19,D://crw_data//np.array\source19\code\pd.Series.astype_replace0.py,161,df_all[c].astype(str),df_all[c].apply(str),pd.Series.astype,pd.Series.apply,0.021564639,0.027170673
https://www.kaggle.com/opanichev/lightgbm-and-tf-idf-starter,D://crw_data//np.array\source19,D://crw_data//np.array\source19\code\pd.Series.astype_replace1.py,162,train[c].astype(str),train[c].apply(str),pd.Series.astype,pd.Series.apply,0.00017646,0.000300716
https://www.kaggle.com/opanichev/lightgbm-and-tf-idf-starter,D://crw_data//np.array\source19,D://crw_data//np.array\source19\code\pd.Series.astype_replace2.py,163,test[c].astype(str),test[c].apply(str),pd.Series.astype,pd.Series.apply,1.556223639,0.579720651
https://www.kaggle.com/qnkhuat/make-data-ready,D://crw_data//df.replace\source1,D://crw_data//df.replace\source1\code\pd.Series.astype_replace0.py,121,df['totals_transactionRevenue'].fillna(0).astype(float),df['totals_transactionRevenue'].fillna(0).apply(float),pd.Series.astype,pd.Series.apply,0.009864048,0.468383714
https://www.kaggle.com/qnkhuat/make-data-ready,D://crw_data//df.replace\source1,D://crw_data//df.replace\source1\code\pd.Series.astype_replace1.py,128,df[col].astype(int),df[col].apply(int),pd.Series.astype,pd.Series.apply,0.000267876,0.000411528
https://www.kaggle.com/srogovtsev/a-simple-demo-of-sklearn-pipelines,D://crw_data//df.iloc\source79,D://crw_data//df.iloc\source79\code\pd.Series.astype_replace2.py,85,kaggle_train_df['target'].astype(int),kaggle_train_df['target'].apply(int),pd.Series.astype,pd.Series.apply,0.000574771,0.000751874
https://www.kaggle.com/sunfulv1/nmsz1816010,D://crw_data//np.arange\source120,D://crw_data//np.arange\source120\code\pd.Series.astype_replace0.py,59,(tmp_df[cols_s_].sum(axis=1)==0).astype(np.int8),(tmp_df[cols_s_].sum(axis=1)==0).apply(np.int8),pd.Series.astype,pd.Series.apply,0.001428795,0.000612181
https://www.kaggle.com/sunfulv1/nmsz1816010,D://crw_data//np.arange\source120,D://crw_data//np.arange\source120\code\pd.Series.astype_replace2.py,199,df_['Soil_Type_LE'].map(climatic_zone).astype(np.uint8),df_['Soil_Type_LE'].map(climatic_zone).apply(np.uint8),pd.Series.astype,pd.Series.apply,0.021564639,0.027170673
https://www.kaggle.com/sunfulv1/nmsz1816010,D://crw_data//np.arange\source120,D://crw_data//np.arange\source120\code\pd.Series.astype_replace3.py,201,df_['Soil_Type_LE'].map(geologic_zone).astype(np.uint8),df_['Soil_Type_LE'].map(geologic_zone).apply(np.uint8),pd.Series.astype,pd.Series.apply,0.00017646,0.000300716
https://www.kaggle.com/sunfulv1/nmsz1816010,D://crw_data//np.arange\source120,D://crw_data//np.arange\source120\code\pd.Series.astype_replace4.py,209,df_[c].astype(np.float32),df_[c].apply(np.float32),pd.Series.astype,pd.Series.apply,1.556223639,0.579720651
https://www.kaggle.com/ogrellier/multi-core-aggregations,D://crw_data//df.iloc\source65,D://crw_data//df.iloc\source65\code\pd.Series.iloc_replace1.py,401,y.iloc[trn_],y.iat[trn_],pd.Series.iloc,pd.Series.iat,5.06E-06,2.99E-06
https://www.kaggle.com/ogrellier/multi-core-aggregations,D://crw_data//df.iloc\source65,D://crw_data//df.iloc\source65\code\pd.Series.iloc_replace3.py,403,y.iloc[val_],y.iat[val_],pd.Series.iloc,pd.Series.iat,5.35E-06,3.07E-06
https://www.kaggle.com/qnkhuat/make-data-ready,D://crw_data//df.replace\source1,D://crw_data//df.replace\source1\code\pd.Series.str_replace0.py,94,df['customDimensions'].str[0],df['customDimensions'].map(lambdax:x[0]),pd.Series.str,pd.Series.map,0.007559404,0.007550179
